invader_id,city_code,points,gt_lat,gt_lng,gt_source,confidence,n_street_signs,n_shop_signs,n_landmarks,n_building_numbers,n_metro_bus,n_other_clues,n_total_clues,has_district,has_postcode,has_address,reasoning_length,address_length,address_has_number,address_has_business,address_n_business,signs_total_business,geo_success,geo_lat,geo_lng,distance_to_center_km,distance_to_district_km,district_geocodes,city_coherent,error_km,error_class,best_address_guess,district,street_signs,shop_signs,landmarks
PA_1339,PA,50,48.8450918496,2.4316430838,,HIGH,1,1,0,0,0,5,7,1,1,1,427,26,0,0,0,0,1,48.8827242,2.3858813,3.809,0.18,1,1,5.3587,ZONE,"Rue de Crimée, 75019 Paris",19e arrondissement,RUE DE CRIMEE,ALIMENTATION GENERALE,
PA_856,PA,30,48.8864974738,2.341324447,,MEDIUM,0,0,0,0,0,7,7,1,1,1,511,41,0,1,1,0,1,48.8874122,2.3461607,3.455,0.24,1,1,0.3679,GOOD,"Rue du Chevalier de la Barre, 75018 Paris",18e arrondissement (Montmartre),,,
PA_178,PA,30,48.8746291366,2.3059271694,,MEDIUM,0,2,0,0,0,5,7,1,0,1,616,42,0,0,0,0,1,48.8520794,2.3731335,1.612,,0,1,5.5187,ZONE,"Rue du Faubourg Saint-Antoine, 75011 Paris",10e ou 11e arrondissement (quartier Faubourg),,Le Pain du Faubourg|Boulanger,
PA_993,PA,30,48.8767296962,2.4089813717,,LOW,0,0,0,0,0,8,8,1,0,1,423,48,0,0,0,0,0,,,,,0,1,,NO_GEO,"Abords de la Petite Ceinture, 13e arrondissement",13e ou 14e arrondissement (zone périphérique sud de Paris),,,
PA_463,PA,50,48.8624750418,2.3386983324,,LOW,0,0,0,0,0,5,5,1,0,1,476,66,0,0,0,0,1,48.8590833,2.3465645,0.496,,0,1,0.688,OK,"Rue de Rivoli ou proximité Palais Royal/Louvre, 1er arrondissement","Centre de Paris, probablement 1er-4e arrondissement",,,
PA_186,PA,10,48.8546227457,2.3366010789,,HIGH,1,0,0,0,0,5,6,1,1,1,382,22,0,0,0,0,1,48.8555259,2.3338807,1.346,0.134,1,1,0.2229,GOOD,"Rue Jacob, 75006 Paris",6e arrondissement (Saint-Germain-des-Prés),RUE JACOB,,
PA_445,PA,10,48.8803697499,2.3607340261,,MEDIUM,0,0,0,0,0,6,6,1,0,1,495,29,0,0,0,0,1,48.8267427,2.3804692,3.912,1.929,1,1,6.1354,ZONE,"Avenue de France, 75013 Paris",13e arrondissement,,,
PA_92,PA,10,48.8603547297,2.3473292059,,HIGH,1,0,1,1,0,5,8,1,1,1,391,36,1,0,0,0,1,48.8603349,2.3473434,0.547,1.06,1,1,0.0024,EXCELLENT,"8 rue de la Ferronnerie, 75001 Paris",1er arrondissement,RUE DE LA FERRONNERIE,,Arcades à colonnes (architecture typique des Halles/Châtelet)
PA_1434,PA,30,48.8552901776,2.4325750202,,LOW,0,1,0,0,0,5,6,1,0,1,464,52,0,0,0,0,1,48.8646898,2.3726564,1.746,,0,1,4.5063,ZONE,"Quartier Oberkampf ou République, 11e arrondissement",3e ou 11e arrondissement,,ARMONY,
PA_55,PA,10,48.8276214287,2.3530220144,,LOW,0,2,0,0,0,7,9,1,0,1,365,68,0,0,0,0,0,,,,,0,1,,NO_GEO,Intersection proche d'une rue commerçante dans le 11e arrondissement,11e ou 20e arrondissement,,NICOLAS|Boul...Pâtisserie,
PA_443,PA,10,48.8761813678,2.3811833534,,HIGH,0,0,1,0,0,5,6,1,1,1,416,29,0,1,1,1,1,48.8641167,2.3606504,1.04,0.023,1,1,2.0137,APPROX,"Square du Temple, 75003 Paris",3e arrondissement,,,Square du Temple
PA_1023,PA,50,48.8571434789,2.3574541668,,MEDIUM,0,2,0,0,0,7,9,1,0,1,558,37,0,0,0,0,1,48.8581725,2.3596941,0.575,,0,1,0.1999,GOOD,"Rue des Francs-Bourgeois, 75004 Paris",1er ou 4e arrondissement (Marais/Châtelet),,UGG|CHEVIGNON,
PA_180,PA,20,48.8511406292,2.3319739157,,LOW,0,0,0,0,0,8,8,1,0,1,520,65,0,0,0,0,1,48.8644647,2.3717367,1.676,,0,1,3.2645,ZONE,"Rue dans le Marais ou secteur Oberkampf, 3e ou 11e arrondissement",3e ou 11e arrondissement,,,
PA_108,PA,30,48.8594157495,2.2937434222,,HIGH,1,0,1,0,0,7,9,1,1,1,415,24,0,0,0,0,1,48.859722,2.2922318,4.401,1.476,1,1,0.1157,GOOD,"Pont d'Iéna, 75007 Paris",7e arrondissement,PONT D'IENA,,Pont d'Iéna
PA_804,PA,20,48.8206783761,2.3756290167,,HIGH,0,0,1,1,0,5,7,1,1,1,446,35,0,0,0,0,1,48.8607767,2.3517736,0.465,0.581,1,1,4.7883,ZONE,"Place Georges-Pompidou, 75004 Paris",4e arrondissement,,,Centre Pompidou
PA_1525,PA,100,48.831308,2.353958,,MEDIUM,0,0,0,0,0,5,5,1,0,1,475,64,0,0,0,0,1,48.8295314,2.3778112,3.546,1.65,1,1,1.7572,APPROX,"Avenue de France ou Boulevard Vincent Auriol, 13e arrondissement",13e arrondissement,,,
PA_741,PA,30,48.8822277496,2.3705596314,,MEDIUM,0,0,0,1,0,9,10,1,0,1,432,33,1,0,0,0,1,48.8198495,2.359242,4.119,,0,1,6.9854,ZONE,"1816 avenue d'Italie, 75013 Paris",13e ou 15e arrondissement,,,
PA_303,PA,10,48.8268026618,2.3506983898,,HIGH,2,0,1,0,0,4,7,1,1,1,365,27,0,0,0,1,1,48.8272702,2.3505079,3.264,0.755,1,1,0.0538,EXCELLENT,"Passage Boiton, 75013 Paris",13e arrondissement,PASSAGE BOITON|13e Arr't,,Église du Val-de-Grâce
PA_723,PA,10,48.8813406248,2.3274481096,,MEDIUM,0,1,0,0,0,7,8,1,0,1,457,73,0,0,0,0,1,48.8531373,2.328747,1.759,,0,1,3.1375,ZONE,"Proximité rue du Cherche-Midi ou rue de Grenelle, 6e ou 7e arrondissement","Quartier chic/central (probablement 6e, 7e ou 8e arrondissement)",,LE VAISSEAU VERT,
PA_1069,PA,20,48.8681808909,2.3880594332,,HIGH,1,2,1,0,0,5,9,1,0,1,382,33,1,0,0,2,1,48.8678759,2.3894583,3.0,1.271,1,1,0.1078,GOOD,"7 rue des Plâtrières, 75011 Paris",11e arrondissement,Rue des Plâtrières,Restaurant TURC DONER BURGER|GRILL KEBAB,Théâtre 7ème Rue des Plâtrières
PA_1110,PA,50,48.8457393431,2.4138388128,,LOW,0,0,0,0,0,7,7,1,0,1,612,49,0,0,0,0,1,48.8231439,2.3814158,4.291,2.168,1,1,3.4561,ZONE,"Boulevard Périphérique, 13e arrondissement, Paris",13e arrondissement,,,
PA_271,PA,10,48.8690897468,2.3774788452,,LOW,0,0,0,0,0,7,7,1,0,1,404,80,0,0,0,0,1,48.831089,2.3781628,3.414,,0,1,4.2258,ZONE,"Quartier résidentiel du 13e arrondissement, secteur Butte-aux-Cailles ou Tolbiac",13e ou 19e arrondissement,,,
PA_206,PA,20,48.883499396,2.3274004051,,HIGH,0,0,1,0,0,6,7,1,0,1,537,33,0,0,0,0,1,48.8526196,2.3687761,1.291,1.027,1,1,4.577,ZONE,"Place de la Bastille, 75011 Paris",11e arrondissement,,,Colonne avec bas-reliefs sculptés
PA_39,PA,10,48.8483071245,2.3464450838,,HIGH,2,0,0,0,0,5,7,1,1,1,466,62,0,0,0,0,1,48.848173,2.3465461,1.024,0.293,1,1,0.0166,EXCELLENT,"Angle de la Rue d'Ecosse et Rue Denfert-Rochereau, 75005 Paris",5e arrondissement,RUE D'ECOSSE|RUE ...ENFERT,,
PA_76,PA,10,48.8382501724,2.3573038327,,MEDIUM,0,1,1,0,0,6,8,1,0,1,552,35,0,0,0,1,1,48.8630385,2.3880764,2.72,,0,1,3.5591,ZONE,"Place Auguste Métivier, 75020 Paris",11e ou 20e arrondissement,,café brasserie,Statue de soldat avec drapeau sur place
PA_46,PA,10,48.8522592738,2.3391309585,,HIGH,0,1,1,0,0,5,7,1,1,1,427,63,0,0,0,0,1,48.8534802,2.3687766,1.261,1.009,1,1,2.1733,APPROX,"Place de la Bastille, angle Boulevard Beaumarchais, 75004 Paris",4e arrondissement,,HSBC,Monument à Beaumarchais
PA_1509,PA,30,48.8558715427,2.3568034602,,HIGH,2,1,1,1,0,5,10,1,1,1,449,34,1,0,0,0,1,48.8557693,2.3569826,0.362,0.334,1,1,0.0173,EXCELLENT,"15 rue François Miron, 75004 Paris",4e arrondissement (Le Marais),RUE FRANCOIS MIRON|4e Arr.,Faust,Maison à colombages (architecture médiévale)
PA_1369,PA,100,48.9040075428,2.3591090807,,MEDIUM,0,3,0,0,0,7,10,1,1,1,535,37,0,0,0,0,1,48.8342252,2.3663044,2.694,0.772,1,1,7.7773,ZONE,"Boulevard Vincent Auriol, 75013 Paris",13e arrondissement,,GROUPE TRANCHANT|CASINO|ALLO ma,
PA_1157,PA,30,48.8640269834,2.3547600528,,MEDIUM,0,1,0,0,0,6,7,1,0,1,551,25,0,0,0,0,1,48.8632236,2.3517203,0.737,,0,1,0.2396,GOOD,"Rue aux Ours, 75003 Paris",3e ou 4e arrondissement,,PARAPH,
PA_111,PA,10,48.8915853826,2.3445750068,,HIGH,1,0,0,0,0,5,6,1,1,1,366,23,0,0,0,0,1,48.8913784,2.3444428,3.909,0.519,1,1,0.025,EXCELLENT,"Rue Hermel, 75018 Paris",18e arrondissement (Montmartre),RUE HERMEL,,
PA_1183,PA,30,48.8457730965,2.4028507946,,MEDIUM,0,1,0,0,0,7,8,1,0,1,492,26,0,0,0,0,1,48.8644647,2.3717367,1.676,0.89,1,1,3.0825,ZONE,"Rue Oberkampf, 75011 Paris",11e arrondissement,,SAVEURS d'ITALIE,
PA_1462,PA,40,48.8913630736,2.3192835081,,LOW,0,0,0,0,0,5,5,1,0,1,633,49,0,0,0,0,1,48.8838219,2.3394232,3.168,,0,1,1.6945,APPROX,"Rue des Abbesses ou rue Lepic, 18e arrondissement",Montmartre ou 18e arrondissement,,,
PA_462,PA,20,48.8683055237,2.3474516976,,HIGH,2,1,0,1,0,6,10,1,1,1,434,39,1,0,0,0,1,48.8739337,2.349824,1.935,1.352,1,1,0.6494,OK,"44 Rue des Petites Écuries, 75010 Paris",3e arrondissement,RUE DES PETITES ECURIES|3e Arr't,ROGER LAKHMY,
PA_99,PA,10,48.8531707359,2.3437360693,,HIGH,0,0,1,0,1,4,6,1,1,1,569,31,0,0,0,0,1,48.8534792,2.3437433,0.709,0.859,1,1,0.0343,EXCELLENT,"Place Saint-Michel, 75006 Paris",6e arrondissement,,,Fontaine Saint-Michel
PA_623,PA,20,48.8273172235,2.3857267033,,MEDIUM,0,0,1,0,0,5,6,1,0,1,412,37,0,0,0,0,1,48.8342252,2.3663044,2.694,0.772,1,1,1.6159,APPROX,"Boulevard Vincent Auriol, 75013 Paris",13e arrondissement,,,Pont ferroviaire
PA_1404,PA,50,48.8453491849,2.3708209834,,MEDIUM,0,1,0,0,0,4,5,1,1,1,508,53,0,0,0,0,1,48.8457131,2.3726303,1.924,,0,1,0.1384,GOOD,"Boulevard Diderot, 75012 Paris (secteur Gare de Lyon)",12e arrondissement (proche Gare de Lyon),,Le Paris Lyon,
PA_1052,PA,20,48.8875032015,2.347277908,,HIGH,1,0,0,0,0,5,6,1,1,1,393,41,0,1,1,1,1,48.8874122,2.3461607,3.455,0.24,1,1,0.0823,EXCELLENT,"Rue du Chevalier de la Barre, 75018 Paris",18e arrondissement (Montmartre),RUE DU CHEVALIER DE LA BARRE,,
PA_397,PA,30,48.8669700497,2.414107265,,LOW,0,0,0,0,0,6,6,1,0,1,578,75,0,0,0,0,1,48.8351277,2.3854436,3.409,,0,1,4.1152,ZONE,Cour ou passage dans le 11e arrondissement (secteur Oberkampf/Ménilmontant),"10e, 11e ou 20e arrondissement",,,
PA_15,PA,10,48.8481072362,2.3808666343,,HIGH,1,0,0,0,0,5,6,1,1,1,471,26,0,0,0,0,1,48.8493345,2.3796718,2.166,0.579,1,1,0.1621,GOOD,"Rue Crozatier, 75012 Paris",12e arrondissement,RUE CROZATIER,,
PA_480,PA,50,48.8558976585,2.3596927663,,LOW,0,1,0,0,0,11,12,1,0,1,511,51,0,0,0,0,0,,,,,0,1,,NO_GEO,"Rue dans le 3e ou 4e arrondissement, secteur Marais","Marais ou quartiers centraux (3e, 4e, ou 11e arrondissement)",,C...Chai,
PA_520,PA,20,48.8356122879,2.4947206626,,HIGH,3,0,2,0,0,5,10,1,1,1,354,41,0,0,0,1,1,48.849601,2.4969518,10.619,0.0,1,1,1.564,APPROX,"Avenue de Bry, 94170 Le Perreux-sur-Marne",Le Perreux-sur-Marne,Hôtel IBIS|Escamoteur|LE PERREUX-SUR-MARNE,,Aqueduc de l'Avre|LE PERREUX-SUR-MARNE
PA_351,PA,20,48.8700390187,2.3939097947,,HIGH,0,1,1,0,0,7,9,1,0,1,463,36,1,0,0,0,1,48.8699321,2.394031,3.4,0.541,1,1,0.0148,EXCELLENT,"121 rue de Ménilmontant, 75020 Paris",20e arrondissement,,Pavillon Carré de Baudouin,Pavillon Carré de Baudouin
PA_1031,PA,50,48.9005609319,2.3891752493,,LOW,0,0,0,0,0,5,5,1,0,1,564,28,0,0,0,0,1,48.8370444,2.3728619,2.648,1.318,1,1,7.1628,ZONE,"Quai de la Gare, 75013 Paris",13e arrondissement,,,
PA_1294,PA,30,48.872489886,2.3137929388,,LOW,0,1,0,0,0,6,7,1,0,1,418,114,0,0,0,0,1,48.8853429,2.3866978,4.072,,0,1,5.5196,ZONE,"Quartier résidentiel entre le 7e et 15e arrondissement, probablement proche de la limite entre ces arrondissements",7e ou 15e arrondissement,,Au 4/1 ...ailleur,
PA_875,PA,30,48.8253782522,2.3536325505,,HIGH,1,2,0,2,0,5,10,1,0,1,379,38,1,0,0,0,1,48.8562021,2.3556193,0.254,0.0,1,1,3.4305,ZONE,"2-3 rue du Puits des Prés, 75004 Paris",4e arrondissement,RUE DU PUITS DES PRES,FONCIA|...maison le confiseur,
PA_1511,PA,20,48.8563578178,2.3658199324,,HIGH,0,0,1,0,0,4,5,1,1,1,458,29,0,0,0,0,1,48.8550137,2.3652362,0.97,0.716,1,1,0.1554,GOOD,"Place des Vosges, 75004 Paris",4e arrondissement,,,Place des Vosges
PA_1270,PA,50,48.8864955292,2.3747236859,,HIGH,0,0,2,0,0,2,4,1,1,1,486,48,0,0,0,0,1,48.876225,2.3595209,2.247,0.0,1,1,1.5938,APPROX,"Passerelle Richerand, Quai de Valmy, 75010 Paris",10e arrondissement,,,Canal Saint-Martin|Passerelle verte
PA_1155,PA,50,48.8577303385,2.4143506228,,MEDIUM,0,0,0,0,0,7,7,1,1,1,565,93,0,0,0,0,0,,,,,0,1,,NO_GEO,"Passerelle piétonne au niveau de la Porte de la Villette, Boulevard Périphérique, 75019 Paris",Périphérique parisien - probablement Porte de la Villette ou Porte de Pantin (19e arr.),,,
PA_611,PA,30,48.9612056056,2.4737157147,,LOW,0,0,0,0,0,7,7,1,0,1,595,89,0,0,0,0,0,,,,,0,1,,NO_GEO,"Périphérique Parisien, secteur Nord-Est (entre Porte de la Villette et Porte de Bagnolet)","Périphérique ou voie rapide urbaine (probablement Porte de la Villette, Porte de Pantin, ou autre zone périphérique Nord/Est)",,,
PA_276,PA,30,48.844617985,2.3732845995,,MEDIUM,0,0,0,0,1,5,6,1,0,1,433,68,0,0,0,0,0,,,,,0,1,,NO_GEO,"Parking souterrain du quartier de La Défense, 92000 Nanterre/Puteaux",Quartier de la Défense ou proche banlieue ouest,,,
PA_1530,PA,40,48.86152,2.36354,,MEDIUM,0,1,0,1,0,7,9,1,0,1,400,42,1,0,0,0,1,48.866429,2.331489,1.868,,0,1,2.4072,APPROX,"14 rue du Marché Saint-Honoré, 75001 Paris",Marais ou Saint-Germain-des-Prés,,Rails,
PA_307,PA,30,48.8686820507,2.389385594,,MEDIUM,0,0,1,0,0,5,6,1,0,1,435,71,0,0,0,0,1,48.8870252,2.3413591,3.475,,0,1,4.0614,ZONE,"Rue du Mont-Cenis ou environs du Village Montmartre, 18e arrondissement",Montmartre ou 18e arrondissement,,,Plaque commémorative partiellement visible mentionnant 'VILLAGE VICTORIEN' et 'ETATS MAJORS'
PA_1555,PA,40,48.8506496,2.4062503,,LOW,0,1,0,0,0,5,6,1,0,1,491,109,0,0,0,0,1,48.8712984,2.3630771,1.818,,0,1,3.9047,ZONE,"Centre commercial à Paris, probablement Forum des Halles (1er arr.) ou autre grand centre commercial parisien","Zone commerciale, probablement centre commercial ou rue commerçante (arrondissement à déterminer)",,STRADIVARIUS,
PA_452,PA,10,48.8528186095,2.3764954227,,MEDIUM,0,1,0,1,0,5,7,1,0,1,557,40,1,0,0,0,1,48.8616249,2.3744345,1.72,0.525,1,1,0.9908,OK,"5 rue de la Folie-Méricourt, 75011 Paris",11e arrondissement,,EPYE,
PA_194,PA,10,48.8600413706,2.377265293,,LOW,0,1,0,0,0,5,6,1,0,1,531,26,0,1,1,0,1,48.8603022,2.3547759,0.453,,0,1,1.6455,APPROX,"Rue du Temple, 75003 Paris",3e ou 11e arrondissement,,CIC,
PA_29,PA,20,48.8625282346,2.3598354874,,MEDIUM,0,1,0,2,0,6,9,1,0,1,446,29,1,1,1,0,1,48.8617004,2.3567938,0.659,,0,1,0.2408,GOOD,"78 Rue du Temple, 75003 Paris",3e ou 4e arrondissement,,O'Paris Plaisir,
PA_1184,PA,50,48.7623485739,2.3405008827,,LOW,0,0,0,0,0,6,6,1,0,1,522,78,0,0,0,0,1,48.8215183,2.3196121,4.572,,0,1,6.755,ZONE,"Périphérique de Paris, secteur des Portes nord ou est (17e-19e arrondissement)","Périphérique parisien - probablement zone des Portes (17e, 18e ou 19e arrondissement)",,,
PA_74,PA,50,48.8602814744,2.3620632905,,MEDIUM,0,0,0,0,0,7,7,1,0,1,580,62,0,1,1,0,1,48.8581725,2.3596941,0.575,,0,1,0.2916,GOOD,"Rue des Francs-Bourgeois ou rue Vieille-du-Temple, 75003 Paris",Marais - 3e ou 4e arrondissement,,,
PA_1154,PA,30,48.8687179666,2.3634398897,,HIGH,1,2,1,0,0,6,10,1,1,1,489,35,0,0,0,0,1,48.8666835,2.3650856,1.465,1.41,1,1,0.2563,GOOD,"Place de la République, 75011 Paris",11e arrondissement,PLACE DE LA RÉPUBLIQUE,Pierre|Naturalia,Place de la République
PA_1389,PA,30,48.813554419,2.2465931534,,HIGH,0,0,2,0,0,5,7,1,1,1,515,58,0,0,0,0,1,48.8543371,2.2887112,4.652,1.456,1,1,5.4834,ZONE,"Boulevard de Grenelle sous le Viaduc de Passy, 75016 Paris",16e arrondissement,,,Viaduc de Passy|Pont de Bir-Hakeim
PA_315,PA,10,48.8300623665,2.3511706525,,MEDIUM,0,0,0,0,0,8,8,1,0,1,536,74,0,0,0,0,1,48.8211746,2.3515464,3.939,2.276,1,1,0.9887,OK,"Avenue de la Porte de Gentilly ou Boulevard Kellermann, 13e arrondissement",13e ou 14e arrondissement,,,
PA_484,PA,20,48.8783837259,2.3230383003,,MEDIUM,0,0,1,0,0,7,8,1,0,1,550,48,0,0,0,0,1,48.8630264,2.3234495,2.221,,0,1,1.7079,APPROX,"Quai des Tuileries ou Pont des Arts, 75001 Paris","1er, 4e, 6e ou 7e arrondissement (rive droite ou rive gauche)",,,Pilier de pont monumental avec grille en fer forgé
PA_516,PA,10,48.8702557519,2.3953072009,,HIGH,1,0,0,1,0,5,7,1,1,1,330,35,1,0,0,0,1,48.8674556,2.3849794,2.685,0.907,1,1,0.8171,OK,"20 rue de Ménilmontant, 75020 Paris",20e arrondissement,RUE MÉNILMONTANT,,
PA_1188,PA,30,48.8424409824,2.3349844234,,LOW,0,2,0,0,0,6,8,1,0,1,489,74,0,0,0,0,0,,,,,0,1,,NO_GEO,"Angle de rue dans le 11e arrondissement, secteur Oberkampf ou Ménilmontant",11e ou 20e arrondissement,,Chez G|L'AIGLE ET L'ENFANT,
PA_183,PA,10,48.8503775157,2.3318976736,,HIGH,1,1,0,1,0,6,9,1,1,1,399,27,1,0,0,0,1,48.8503729,2.3318182,1.644,0.083,1,1,0.0058,EXCELLENT,"381 rue Madame, 75006 Paris",6e arrondissement,RUE MADAME,Librairie,
PA_260,PA,10,48.8474889463,2.268636624,,HIGH,0,0,1,0,0,7,8,1,1,1,473,35,0,0,0,1,1,48.8654754,2.3970061,3.423,0.0,1,1,9.6022,ZONE,"Place Saint-Jean-Bosco, 75020 Paris",20e arrondissement,,,Église Saint-Jean-Bosco
PA_1425,PA,30,48.8558085604,2.3718133088,,HIGH,0,3,1,0,0,5,9,1,0,1,375,34,1,0,0,1,1,48.862072,2.3563175,0.679,,0,1,1.3305,APPROX,"9 rue Michel-le-Comte, 75003 Paris","Marais ou quartier central (probablement 3e, 4e ou 11e arrondissement)",,Le Café des Chats|SHAMAP|FABRICANT PRÊT À PORTER FÉMININ,Le Café des Chats
PA_636,PA,30,48.8479644275,2.3516820887,,HIGH,1,2,0,1,0,6,10,1,1,1,406,32,1,0,0,0,1,48.8768334,2.3362388,2.535,0.454,1,1,3.4031,ZONE,"32 rue Saint-Lazare, 75009 Paris",9e arrondissement,RUE SAINT-LAZARE,COMPTOIR DES VOYAGES|COMPTOIR ASIE,
PA_742,PA,50,48.8729714615,2.390987746,,MEDIUM,0,1,0,0,0,6,7,1,0,1,563,52,0,0,0,0,1,48.8664862,2.3831541,2.517,,0,1,0.921,OK,"Quartier Belleville-Ménilmontant, 11e arrondissement",11e ou 20e arrondissement,,Livraison gratuite,
PA_252,PA,20,48.8720502882,2.3770105127,,LOW,0,0,0,0,1,5,6,1,0,1,549,95,0,0,0,0,0,,,,,0,1,,NO_GEO,Station de métro parisienne - localisation précise impossible sans identification de la station,Estimation impossible - station de métro non identifiable,,,
PA_793,PA,20,48.8206032439,2.3754733901,,LOW,0,0,0,0,0,4,4,1,0,1,433,77,0,0,0,0,1,48.8755668,2.3599477,2.184,,0,1,6.2164,ZONE,"Zone Canal Saint-Martin ou Belleville, probablement 10e ou 11e arrondissement","10e, 11e ou 19e arrondissement",,,
PA_820,PA,20,48.8624722531,2.3637115328,,MEDIUM,1,2,0,0,0,5,8,1,0,1,491,26,0,0,0,1,1,48.8644647,2.3717367,1.676,0.89,1,1,0.6275,OK,"Rue Oberkampf, 75011 Paris",11e arrondissement,RUE ...,COPY STORE|Le P'tit Gaillard,
LA_182,LA,20,34.0488391859,-118.24083733,,MEDIUM,0,1,0,0,0,3,4,1,0,1,501,37,0,0,0,0,1,34.0253611,-118.2202241,3.686,,0,1,3.2285,ZONE,"Jack in the Box, Downtown Los Angeles",Downtown Los Angeles ou Hollywood,,Jack in the Box,
LA_158,LA,50,34.0501929954,-118.2383977051,,LOW,0,0,0,0,0,6,6,1,0,1,483,39,0,0,0,0,1,34.0566135,-118.248922,0.687,1.823,1,1,1.2041,APPROX,"Arts District, Downtown Los Angeles, CA",Downtown Los Angeles Arts District,,,
LA_206,LA,30,34.0347166498,-118.2322010502,,MEDIUM,0,1,0,0,0,4,5,1,0,1,448,40,0,0,0,0,1,34.0568132,-118.242564,0.524,0.702,1,1,2.636,APPROX,"Broadway, Downtown Los Angeles, CA 90013",Downtown Los Angeles,,PROPERTY CONDEMNED,
LA_136,LA,10,34.0330575796,-118.3750812358,,LOW,0,0,0,0,0,6,6,1,0,1,447,82,0,0,0,0,1,34.0083569,-118.1095097,13.292,0.0,1,1,24.6293,FAR,"West Los Angeles commercial corridor, possibly Pico Blvd or Santa Monica Blvd area",West Los Angeles,,,
LA_116,LA,10,34.0333149233,-118.3758796599,,MEDIUM,0,1,0,1,0,4,6,1,0,1,505,38,1,0,0,0,1,34.0303954,-118.4305204,17.384,29.687,1,1,5.0456,ZONE,"2721 S Sepulveda Blvd, Los Angeles, CA",West Los Angeles,,Continental,
LA_172,LA,50,34.0679357718,-118.2264990112,,MEDIUM,0,0,0,0,0,8,8,1,0,1,584,57,1,0,0,0,1,34.0443348,-118.2358086,1.137,0.0,1,1,2.7609,APPROX,"MOCA Grand Avenue, 250 S Grand Ave, Los Angeles, CA 90012",Downtown Los Angeles Arts District,,,
LA_176,LA,40,34.1015994055,-118.3097587092,,MEDIUM,1,1,1,0,0,4,7,1,0,1,483,61,1,0,0,0,1,34.0392523,-118.5438752,27.694,28.391,1,1,22.6511,FAR,"Entre 300-600 S Spring Street, Downtown Los Angeles, CA 90013",Downtown Los Angeles / Arts District,ADAM B. SCHIFF CONGRESSMAN 28TH DISTRICT DISTRICT OFFICE,...pace,Adam B. Schiff District Office
LA_33,LA,10,34.076337549,-118.4545944423,,LOW,0,0,0,0,0,6,6,1,0,1,358,83,0,0,0,0,0,,,,,0,1,,NO_GEO,"Quartier résidentiel de West Los Angeles, intersection non identifiable précisément",West Los Angeles ou Santa Monica area,,,
LA_01,LA,20,34.083852797,-118.3442519677,,MEDIUM,0,2,0,0,0,4,6,1,0,1,554,47,0,0,0,0,1,33.9799601,-118.468771,22.245,0.0,1,1,16.2825,FAR,"Ocean Front Walk, Venice Beach, Los Angeles, CA",Venice Beach,,DINK'S|HOT DOGS,
LA_169,LA,50,34.1014111435,-118.3430588908,,MEDIUM,0,3,1,0,0,4,8,1,0,1,553,43,0,0,0,0,1,34.1015488,-118.3380732,10.279,6.628,1,1,0.4593,GOOD,"Hollywood Boulevard, Hollywood, Los Angeles",Hollywood,,Hollywood|Lavo|Sizzler,Hollywood Boulevard area
NY_164,NY,30,40.7273734982,-73.9827266797,,HIGH,2,2,0,2,0,6,12,1,0,1,382,52,1,0,0,1,1,40.7292688,-73.9873613,2.413,0.0,1,1,0.4438,GOOD,"145 Avenue A, angle E 9th Street, New York, NY 10009",East Village,E 9 St|AVE A,CAFE PI|OKO,
NY_63,NY,10,40.722248874,-73.997236457,,MEDIUM,0,0,0,0,1,5,6,1,0,1,500,91,0,0,0,0,0,,,,,0,1,,NO_GEO,"NYC Subway station, Manhattan (specific station cannot be determined from visible elements)",Manhattan (subway station),,,
NY_81,NY,0,40.7486434056,-74.0040692792,,MEDIUM,0,0,0,0,0,5,5,1,0,1,394,42,0,0,0,0,1,40.7159357,-73.9868057,1.655,3.485,1,1,3.917,ZONE,"Lower East Side ou East Village, Manhattan",Manhattan,,,
NY_113,NY,30,40.7081316569,-73.9991228504,,MEDIUM,0,0,2,0,0,6,8,1,1,1,656,74,0,0,0,0,1,40.7036727,-74.0068441,1.017,1.456,1,1,0.8182,OK,"East River Waterfront Esplanade near Montgomery Street, New York, NY 10002",Lower East Side / Two Bridges,,,Manhattan Bridge|Two Bridges Tower
NY_181,NY,30,40.7398695598,-73.9989655016,,MEDIUM,0,1,0,0,0,3,4,1,0,1,427,29,0,0,0,0,1,40.6678377,-73.9791449,5.488,0.0,1,1,8.182,ZONE,"J's Pizza, Brooklyn, New York",Brooklyn,,J's Pizza,
NY_138,NY,20,40.7390591782,-74.0034204039,,LOW,0,0,0,0,0,6,6,1,0,1,388,86,0,0,0,0,1,40.7153802,-74.0093063,0.4,,0,1,2.6793,APPROX,"Secteur Tribeca ou Lower Manhattan, probablement entre Canal Street et Chambers Street",Lower Manhattan ou Tribeca,,,
NY_73,NY,30,40.7036539267,-73.9939254075,,HIGH,1,0,2,0,0,6,9,1,0,1,458,83,0,0,0,0,1,40.693734,-73.9885263,2.582,,0,1,1.1933,APPROX,"Brooklyn Bridge pedestrian walkway, near Brooklyn-side entrance, Brooklyn, NY 11201","Brooklyn Bridge area, DUMBO/Brooklyn Heights",NY 17,,Brooklyn Bridge|Manhattan skyline
NY_154,NY,40,40.7235143936,-73.9926453394,,HIGH,0,2,1,0,0,3,6,1,0,1,447,30,1,0,0,0,1,40.7189714,-73.9945996,1.181,1.297,1,1,0.5313,OK,"265 Bowery, New York, NY 10002",East Village,,Paulaner|Craft Brewery,Paulaner NYC
NY_173,NY,50,40.7637923982,-73.9829056742,,LOW,0,0,2,0,0,5,7,1,0,1,494,74,0,0,0,0,0,,,,,0,1,,NO_GEO,"Chelsea ou West Village, zone des galeries d'art entre 14th et 23rd Street",SoHo ou Meatpacking District,,,Structure à deux niveaux avec balcon et escalier extérieur caractéristique|Grand piano noir visible au niveau inférieur
NY_79,NY,20,40.7090904842,-74.0079665713,,HIGH,3,1,1,1,0,5,11,1,0,1,361,36,1,0,0,0,1,40.7148631,-74.0006088,0.509,0.996,1,1,0.8925,OK,"32 Baxter Street, New York, NY 10013",Financial District / Lower Manhattan,DOYERS STREET 32 BAXT|BROOKLYN BRIDGE|FRANCES TAVERN,DUTCH,Brooklyn Bridge
LDN_74,LDN,50,51.5245304498,-0.0789169205,,MEDIUM,1,0,0,0,0,5,6,1,0,1,505,42,0,0,0,0,1,51.5249032,-0.0817203,3.736,0.0,1,1,0.1983,GOOD,"Hanbury Street area, Shoreditch, London E1",Shoreditch,COURT,,
LDN_113,LDN,30,51.5167439129,-0.1295921246,,LOW,0,0,0,0,0,7,7,1,0,1,448,111,0,0,0,0,1,51.5156177,-0.0919983,2.641,3.228,1,1,2.6044,APPROX,"Zone commerciale du centre de Londres, possiblement près de Shoreditch ou zone en développement du centre-ville",Central London,,,
LDN_01,LDN,30,51.5242413275,-0.2139672159,,HIGH,0,1,2,0,0,5,8,1,0,1,461,50,0,0,0,0,1,51.5498001,-0.3676742,17.251,0.0,1,1,11.0043,FAR,"Brighton Studios, Cheapside, Brighton, East Sussex",Brighton,,BRIGHTON STUDIOS,Brighton Studios|pont métallique peint en vert menthe
LDN_26,LDN,30,51.5268736137,-0.0878567404,,MEDIUM,0,0,0,0,0,7,7,1,0,1,433,65,0,0,0,0,1,51.5232497,-0.0760735,3.99,,0,1,0.9093,OK,"Shoreditch High Street ou rue adjacente, Shoreditch, London E1/E2",Shoreditch ou East London,,,
LDN_127,LDN,30,51.5296328064,-0.0976675443,,MEDIUM,0,1,0,0,0,6,7,1,0,1,561,35,0,0,0,0,1,51.4928979,-0.0839755,3.436,,0,1,4.1932,ZONE,"Old Kent Road, SE1 ou SE15, Londres",Southwark ou Lambeth,,KEEP CALM AND CARRY ON,
LDN_47,LDN,20,51.5168700988,-0.2053517718,,MEDIUM,0,0,0,1,0,9,10,1,0,1,576,65,0,0,0,0,1,51.5132894,-0.1930457,4.563,0.0,1,1,0.94,OK,"216a, residential street in Notting Hill/Ladbroke Grove area, W11",Notting Hill,,,
LDN_160,LDN,30,51.5140507903,-0.1244930017,,MEDIUM,0,0,0,0,0,6,6,1,0,1,559,55,0,0,0,0,1,51.5221242,-0.1077881,2.144,1.919,1,1,1.4635,APPROX,"Secteur Shoreditch/Clerkenwell, probablement EC1 ou EC2",Shoreditch/City of London,,,
LDN_23,LDN,10,51.5273565338,-0.080699793,,MEDIUM,0,1,0,1,0,5,7,1,0,1,530,36,1,0,0,1,1,51.5249032,-0.0817203,3.736,0.0,1,1,0.2818,GOOD,"90 Brick Lane, Shoreditch, London E1",Shoreditch,,BARANHI FACTORY,
LDN_27,LDN,30,51.5298079442,-0.2202622302,,HIGH,2,0,0,0,0,4,6,1,1,1,362,34,0,0,0,0,1,51.618339,-0.0441499,13.624,0.0,1,1,15.6536,FAR,"Bayford Road, Edmonton, London N18",Edmonton,BAYFORD ROAD|N18,,
HK_21,HK,20,22.2971471826,114.1744253033,,MEDIUM,0,1,0,0,0,6,7,1,0,1,499,35,0,0,0,0,1,22.2973238,114.1721435,2.46,0.527,1,1,0.2356,GOOD,"Nathan Road, Tsim Sha Tsui, Kowloon",Tsim Sha Tsui,,McDonald's,
HK_58,HK,100,22.268994966,114.1866725148,,MEDIUM,0,0,0,0,0,4,4,1,0,1,520,90,0,0,0,0,1,22.2858376,114.134023,5.205,9.224,1,1,5.732,ZONE,"Sai Wan District, Hong Kong Island (secteur référencé 11SW-D/C610 par Highways Department)",Sai Wan,,,
HK_102,HK,40,22.3305885573,114.188189183,,MEDIUM,0,2,0,0,0,5,7,1,0,1,543,42,0,0,0,0,1,22.3269013,114.1671675,0.876,0.918,1,1,2.2008,APPROX,"Cheung Sha Wan Road, Sham Shui Po, Kowloon",Sham Shui Po,,東來茶樓|光大樓,
HK_69,HK,50,22.2844724977,114.1516125922,,MEDIUM,0,4,0,0,0,9,13,1,0,1,507,66,0,0,0,0,1,22.299616,114.1759506,2.29,0.16,1,1,3.0175,ZONE,"Cameron Road / Granville Road intersection, Tsim Sha Tsui, Kowloon",Tsim Sha Tsui,,7-Eleven|恆生銀行|許留山|優之良品,
HK_29,HK,30,22.2463688615,114.2482972831,,MEDIUM,0,0,2,0,0,7,9,1,0,1,503,38,0,0,0,0,1,22.220556,114.2142156,11.909,2.491,1,1,4.5326,ZONE,"Stanley Main Beach, Stanley, Hong Kong",Stanley,,,Tour de surveillance côtière|Plage avec rochers
HK_03,HK,20,22.3244578827,114.1659161229,,LOW,0,0,0,0,0,5,5,1,0,1,420,34,0,0,0,0,1,22.2819377,114.1580765,4.315,0.359,1,1,4.7963,ZONE,"Central District, Hong Kong Island",Central/Western District,,,
TK_119,TK,100,35.662121119,139.7013291372,,MEDIUM,1,0,1,1,0,6,9,1,0,1,472,32,1,0,0,0,1,35.662592,139.698337,4.596,0.0,1,1,0.2753,GOOD,"1-20, quartier de Shibuya, Tokyo",Shibuya,歩行者優先,,passage sous voie ferrée/autoroutière
TK_92,TK,30,35.6592188952,139.7026264502,,MEDIUM,0,0,2,0,1,6,9,1,0,1,464,49,0,0,0,0,0,,,,,0,1,,NO_GEO,"Sous Shuto Expressway, quartier de Shibuya, Tokyo",Shibuya ou Shinjuku,,,Structure d'autoroute urbaine élevée|Station de métro visible en arrière-plan
TK_123,TK,50,35.6564384237,139.7454368767,,HIGH,0,0,1,0,0,5,6,1,0,1,474,37,1,0,0,0,1,35.5942257,139.798176,16.177,0.0,1,1,8.401,ZONE,"4 Chome Shibakoen, Minato City, Tokyo",Minato,,,Tokyo Tower
TK_62,TK,10,35.6623086246,139.697304279,,MEDIUM,0,2,0,0,0,6,8,1,0,1,480,61,0,0,0,0,1,35.662592,139.698337,4.596,0.0,1,1,0.0985,EXCELLENT,"Quartier de Shibuya, Tokyo, zone commerciale près d'un Lawson",Shibuya,,PIZZA|LAWSON,
TK_102,TK,50,35.6617152026,139.7285457582,,LOW,0,2,0,0,0,6,8,1,0,1,458,73,0,0,0,0,0,,,,,0,1,,NO_GEO,"Quartier de Shibuya, Tokyo, zone commerciale près d'une artère principale",Shibuya ou Shinjuku,,山田不動産|大黒屋,
TK_35,TK,10,35.6657999508,139.7052233877,,MEDIUM,0,2,0,0,0,6,8,1,0,1,536,79,0,0,0,0,0,,,,,0,1,,NO_GEO,"Quartier de Shibuya, Tokyo, zone commerciale près de Cat Street ou Ura-Harajuku",Shibuya ou Harajuku,,PAGEBLUE|Reebok,
MARS_65,MARS,30,43.2799826059,5.3516902919,,MEDIUM,0,0,2,0,0,5,7,1,1,1,517,33,0,0,0,0,1,43.2854175,5.3505056,1.989,0.702,1,1,0.6119,OK,"Corniche Kennedy, 13007 Marseille",7ème arrondissement,,,Corniche|Îles du Frioul
MARS_26,MARS,20,43.330583661,5.4274773555,,LOW,0,0,1,0,0,7,8,1,0,1,570,59,0,0,0,0,0,,,,,0,1,,NO_GEO,"Boulevard des Dames ou Avenue du Cap Pinède, Marseille 3ème",Quartiers Nord ou 3ème arrondissement,,,Pilier de viaduc autoroutier
MARS_54,MARS,40,43.2975423109,5.3685350388,,MEDIUM,0,0,0,0,0,6,6,1,1,1,451,30,0,0,0,0,1,43.2993374,5.3682229,0.34,0.043,1,1,0.2012,GOOD,"Rue du Panier, 13002 Marseille",Le Panier,,,
MARS_17,MARS,20,43.361131601,5.3127510121,,MEDIUM,0,1,0,1,0,3,5,1,1,1,396,46,0,1,1,0,1,43.2862274,5.4768585,8.74,5.51,1,1,15.6717,FAR,"10956 Boulevard de la Barasse, 13010 Marseille",10ème arrondissement,,LAVERIE,
MIA_42,MIA,50,25.8000986776,-80.1950409021,,MEDIUM,0,2,1,0,0,6,9,1,0,1,570,39,0,0,0,0,1,25.7996393,-80.1990513,4.281,0.197,1,1,0.4047,GOOD,"NW 2nd Avenue, Wynwood, Miami, FL 33127",Wynwood,,museo|ART IN FASHION,museo
MIA_40,MIA,30,25.8042765557,-80.1912459741,,MEDIUM,0,4,1,0,0,4,9,1,0,1,477,39,1,0,0,2,1,25.8020164,-80.1990561,4.541,,0,1,0.8213,OK,"2695 NW 2nd Avenue, Miami, FL (Wynwood)",Wynwood ou Design District,,Chevron|Goodyear|OptimEyes|Fresh,Station-service Chevron
MIA_75,MIA,10,25.7506108059,-80.2600070087,,LOW,0,0,0,0,0,5,5,1,0,1,481,29,0,0,0,0,1,25.8011377,-80.1953188,4.399,0.378,1,1,8.5745,ZONE,"Wynwood Walls area, Miami, FL",Wynwood,,,
MIA_32,MIA,20,25.7961432793,-80.1273283843,,MEDIUM,0,0,0,1,0,4,5,1,0,1,518,34,0,0,0,0,1,25.770205,-80.1329055,5.973,0.256,1,1,2.9378,APPROX,"Ocean Drive, Miami Beach, FL 33139",Miami Beach,,,
ROM_19,ROM,20,41.9363247067,12.4667100897,,HIGH,0,0,2,0,0,5,7,1,1,1,431,29,0,0,0,0,1,41.9107477,12.4763614,1.879,0.594,1,1,2.954,APPROX,"Piazza del Popolo, 00187 Roma",Campo Marzio,,,Porta del Popolo|Piazza del Popolo
ROM_45,ROM,10,41.9013521334,12.4736297511,,MEDIUM,0,1,0,1,0,7,9,1,0,1,442,37,1,0,0,0,1,41.8982648,12.4705146,2.201,27.317,1,1,0.4293,GOOD,"Via del Governo Vecchio 9, 00186 Roma",Centro Storico,,PARALUMI,
ROM_24,ROM,20,41.91862985,12.5012681032,,HIGH,0,0,2,0,0,4,6,1,1,1,506,56,0,0,0,0,1,41.9186051,12.5012739,1.803,,0,1,0.0028,EXCELLENT,"Via Dora, 00197 Roma (sous l'arche du Quartiere Coppedè)",Quartiere Coppedè (Trieste),,,Arche monumentale|Quartiere Coppedè
BAB_59,BAB,20,43.460288,-1.539773,,LOW,0,0,0,0,0,5,5,1,0,1,444,98,0,1,1,0,1,43.4871257,-1.5381297,1.708,0.0,1,1,2.9872,APPROX,"Complexe sportif ou équipement public à Anglet, probablement près de la zone de Quintaou ou Baroja",Anglet,,,
BAB_19,BAB,40,43.488467,-1.475617,,LOW,0,0,0,0,0,7,7,1,0,1,524,27,0,0,0,0,0,,,,,0,1,,NO_GEO,"Rue des Cordeliers, Bayonne",Vieux Bayonne,,,
BAB_21,BAB,20,43.489222,-1.474164,,HIGH,1,0,2,0,0,4,7,1,1,1,363,59,0,0,0,0,1,43.4607108,-1.5336314,3.211,0.0,1,1,5.7512,ZONE,"Quai Jaureguiberry, angle Rue des Tonneliers, 64100 Bayonne",Petit Bayonne,RUE TONNELIERS,,Pont sur l'Adour|Quai de l'Adour
DJBA_33,DJBA,50,33.8214213616,11.0423722438,,LOW,0,0,0,0,0,6,6,1,0,1,466,53,0,0,0,0,1,33.7735976,10.8861888,5.358,0.0,1,1,15.3805,FAR,"Zone résidentielle périphérique de Houmt Souk, Djerba",Houmt Souk,,,
DJBA_45,DJBA,100,33.7403044216,10.9148284287,,LOW,0,0,0,0,0,5,5,1,0,1,438,75,0,0,0,0,1,33.840258,10.9998312,14.747,,0,1,13.61,FAR,"Zone côtière nord ou est de Djerba, probablement entre Houmt Souk et Midoun",Zone côtière de Djerba,,,
DJBA_19,DJBA,20,33.7861023173,10.8461263501,,LOW,0,0,0,0,0,5,5,1,0,1,522,88,0,0,0,0,1,33.840258,10.9998312,14.747,,0,1,15.4244,FAR,"Zone périphérique ou village côtier de Djerba, possiblement secteur Midoun ou Houmt Souk",Zone périurbaine ou côtière de Djerba,,,
GRN_44,GRN,10,45.1884280453,5.7261972243,,LOW,0,0,0,0,0,6,6,1,0,1,429,70,0,0,0,0,1,45.1885876,5.7329078,0.659,1.922,1,1,0.5262,OK,"Secteur Place de Verdun ou Place Victor Hugo, centre-ville de Grenoble",Centre-ville de Grenoble,,,
GRN_27,GRN,10,45.1875012375,5.7303520945,,HIGH,1,1,0,0,0,2,4,1,1,1,483,29,0,0,0,1,1,45.1871459,5.7303894,0.485,0.635,1,1,0.0396,EXCELLENT,"Place de Metz, 38000 Grenoble",Centre-ville,PLACE de METZ,Église Chrétienne Évangélique,
GRN_32,GRN,10,45.1877674177,5.7254382941,,LOW,0,0,0,0,0,4,4,1,0,1,510,66,0,0,0,0,0,,,,,0,1,,NO_GEO,"Vieille ville de Grenoble, secteur piétonnier du centre historique",Centre-ville historique,,,
WN_28,WN,30,48.2165106913,16.3857066641,,HIGH,1,0,0,1,0,5,7,1,1,1,316,31,1,0,0,0,1,48.2152796,16.3846562,1.126,0.391,1,1,0.1575,GOOD,"2 Weintraubengasse, 1020 Vienna",2. Bezirk (Leopoldstadt),2. Weintraubengasse,,
WN_46,WN,10,48.1985116241,16.3638935261,,HIGH,2,1,0,0,0,5,8,1,1,1,412,31,1,0,0,0,1,48.199394,16.3655325,1.155,9.567,1,1,0.1562,GOOD,"Rechte Wienzeile 1-3, 1040 Wien",Wieden (4. Bezirk),EINBAHN|1...Rechte Wienzeile,Amacord Alimentari,
WN_55,WN,50,48.2041546202,16.3540775718,,MEDIUM,0,3,0,0,0,5,8,1,1,1,398,37,1,0,0,0,1,48.204843,16.3490237,1.874,0.271,1,1,0.3823,GOOD,"Neubaugasse ou Lindengasse, 1070 Wien",7. Bezirk Neubau,,Wolfgang HKAT|W.H. Möbel Lister|Möbel auf Raten,
POTI_37,POTI,30,-19.5951561923,-65.7521797936,,MEDIUM,0,3,0,1,0,5,9,1,0,1,410,34,1,0,0,0,0,,,,,0,1,,NO_GEO,"Calle 23, Centro histórico, Potosí",Centro histórico,,AQUI|BATI PAN|PUBLICO,
POTI_06,POTI,50,-19.5990300207,-65.7548687546,,MEDIUM,0,0,1,0,0,5,6,1,0,1,483,34,0,0,0,0,1,-19.6194373,-65.7497813,4.0,0.0,1,1,2.3309,APPROX,"Cerro Rico, secteur minier, Potosí",Cerro Rico,,,Cerro Rico
SP_38,SP,30,-23.5548333956,-46.6553283745,,LOW,0,0,0,0,0,5,5,1,0,1,415,40,0,0,0,0,1,-23.5571906,-46.6617902,2.998,,0,1,0.7089,OK,"Région du Centro ou República, São Paulo",Centro ou República,,,
SP_09,SP,50,-23.5194439089,-46.7098826693,,LOW,0,0,0,1,1,9,11,1,0,1,457,113,0,0,0,0,0,,,,,0,1,,NO_GEO,"Région en développement urbain, possiblement proche d'un axe majeur en travaux dans la zone centrale de São Paulo",Zona Sul ou região central,,,
BGK_21,BGK,10,13.7533225381,100.5443650587,,LOW,0,0,0,0,0,5,5,1,0,1,552,35,0,0,0,0,1,13.7541372,100.4981169,0.465,,0,1,4.9959,ZONE,"Quartier Phra Nakhon, Bangkok 10200",Phra Nakhon ou Khlong Toei,,,
BGK_18,BGK,20,13.7414021821,100.5397607798,,LOW,0,0,0,0,0,3,3,1,0,1,455,33,0,0,0,0,1,13.7214165,100.5305364,4.968,,0,1,2.4355,APPROX,"Zone Silom/Sathorn, Bangkok 10500",Silom ou Sathorn,,,
LY_47,LY,20,45.7550145405,4.831246527,,MEDIUM,1,1,0,0,0,4,6,1,1,1,405,25,1,0,0,0,1,45.7713951,4.8372298,0.831,,0,1,1.8796,APPROX,"12 Rue Royale, 69001 Lyon",Vieux Lyon - 2ème arrondissement,RUE DE LA...,LA MERE BRAZIER,
LY_38,LY,10,45.749727361,4.8281831276,,HIGH,4,0,2,0,0,4,10,1,1,1,523,29,0,0,0,0,1,45.7476937,4.8249635,1.995,1.622,1,1,0.337,GOOD,"Cours Charlemagne, 69002 Lyon",2ème arrondissement,A6-A7|BELLECOUR|PERRACHE|AINAY,,Bellecour|Perrache
CLR_09,CLR,30,45.7771823348,3.1014338406,,MEDIUM,0,0,0,0,0,7,7,1,0,1,486,65,0,0,0,0,0,,,,,0,1,,NO_GEO,"Rue sous la passerelle de Croix-de-Neyrat, 63100 Clermont-Ferrand",Quartier de Croix-de-Neyrat ou périphérie nord-est,,,
CLR_36,CLR,30,45.7764589478,3.0987381443,,LOW,0,0,0,0,0,8,8,1,0,1,445,41,0,0,0,0,1,45.7828067,3.0964496,0.962,,0,1,0.7278,OK,"Avenue de la République, Clermont-Ferrand",Centre-ville,,,
MAN_43,MAN,50,53.4749358113,-2.2403970767,,MEDIUM,0,2,1,0,0,6,9,1,0,1,596,30,0,0,0,0,1,53.4779297,-2.2397284,0.371,0.041,1,1,0.3358,GOOD,"Portland Street, Manchester M1",City Centre,,JD GYMS|The Lion King,The Lion King musical venue
MAN_05,MAN,20,53.473925289,-2.2402671381,,MEDIUM,0,2,2,0,0,7,11,1,0,1,546,64,0,0,0,0,1,53.4752462,-2.2432654,0.619,0.4,1,1,0.2469,GOOD,"Great Bridgewater Street, Manchester City Centre, near Deansgate",Manchester City Centre,,Holiday Inn Express|Caffè Nero,Holiday Inn Express|Concrete viaduct/bridge structure
FTBL_29,FTBL,30,48.3962793841,2.7834197393,,HIGH,2,0,1,0,0,3,6,1,1,1,356,37,0,0,0,0,1,48.416264,2.7195812,2.119,,0,1,5.21,ZONE,"Rue Rosa Bonheur, 77300 Fontainebleau",Centre-ville de Fontainebleau,RUE ROSA BONHEUR|1822-1899,,Rue Rosa Bonheur
FTBL_12,FTBL,50,48.4157021823,2.726939998,,MEDIUM,0,0,0,0,0,7,7,1,1,1,461,68,0,0,0,0,0,,,,,0,1,,NO_GEO,"Quartier de la Faisanderie, avenue Franklin Roosevelt, Fontainebleau",Quartier résidentiel moderne de Fontainebleau,,,
BXL_24,BXL,30,50.827806757,4.3688497481,,MEDIUM,0,1,0,1,0,6,8,1,0,1,452,52,1,0,0,0,1,50.8309156,4.3444241,2.215,0.78,1,1,1.75,APPROX,"51 Chaussée de Waterloo, 1060 Saint-Gilles, Brussels",Saint-Gilles,,balia,
BXL_23,BXL,20,50.8271900786,4.371691317,,HIGH,0,0,1,0,0,4,5,1,1,1,557,42,1,0,0,0,1,50.8403277,4.3786189,2.191,0.442,1,1,1.5397,APPROX,"Parc Léopold, Rue Belliard, 1000 Bruxelles",Quartier Léopold,,,Monument aux Morts du Parc Léopold
LJU_03,LJU,20,46.054654231,14.4928614775,,LOW,0,0,0,0,0,5,5,1,0,1,493,45,0,0,0,0,1,46.0565768,14.5031442,0.208,,0,1,0.8218,OK,Atelier ou bureau dans le centre de Ljubljana,Centre-ville,,,
LJU_26,LJU,20,46.0409330168,14.5109041182,,HIGH,1,0,0,1,0,5,7,1,0,1,330,20,1,0,0,0,1,46.0405518,14.5110239,1.862,2.722,1,1,0.0434,EXCELLENT,"Privoz 17, Ljubljana",Moste,PRIVOZ,,
VRS_01,VRS,30,48.8077031992,2.1308988348,,MEDIUM,0,4,1,0,0,4,9,1,1,1,402,36,0,0,0,1,1,48.8071596,2.1299664,0.641,,0,1,0.0912,EXCELLENT,"Rue de la Paroisse, 78000 Versailles",Centre-ville de Versailles,,UGC|CYRANO|CRÊPERIE NIKKO|ISALIT'S VOYAGES,Cinéma UGC Cyrano
VRS_17,VRS,30,48.8093230466,2.1250596187,,MEDIUM,0,2,1,0,0,6,9,1,1,1,525,42,1,0,0,0,1,48.8135198,2.1365691,1.429,0.419,1,1,0.9634,OK,"1-3 Rue du Maréchal Foch, 78000 Versailles",Quartier Notre-Dame,,L'ENTRÉE DU TRIANON|CUISINE THAÏLANDAISE,L'ENTRÉE DU TRIANON
AVI_32,AVI,10,43.948844556,4.8041281128,,LOW,0,0,0,0,0,5,5,1,1,1,494,63,0,0,0,0,1,43.9509112,4.812964,0.624,0.0,1,1,0.7437,OK,"Centre historique d'Avignon, secteur intra-muros, 84000 Avignon",Intra-muros,,,
AVI_20,AVI,10,43.9492870541,4.8115153107,,HIGH,2,1,0,0,0,5,8,1,1,1,408,35,0,0,0,1,1,43.9480401,4.8109999,0.462,,0,1,0.1447,GOOD,"Rue du Chapeau Rouge, 84000 Avignon",Centre historique intra-muros,RUE DU CHAPEAU ROUGE|Carriera Capèu Roùge,BAR...RESTAURAN...,
MPL_02,MPL,10,43.6127972715,3.8764190174,,MEDIUM,0,0,0,0,0,5,5,1,1,1,496,37,0,0,0,0,1,43.6098442,3.8762349,0.113,,0,1,0.3287,GOOD,"Rue du Bras de Fer, 34000 Montpellier",Centre Historique / Écusson,,,
MPL_39,MPL,30,43.6092465939,3.8769255888,,HIGH,1,0,0,0,0,5,6,1,1,1,343,52,0,0,0,0,0,,,,,0,1,,NO_GEO,"Rue Traversière de la Carbonnerie, 34000 Montpellier",Centre Historique - Écusson,RUE TRAVERSIERE DE LA CARBONNERIE,,
BBO_05,BBO,50,43.262201574,-2.9246867544,,LOW,0,0,0,0,0,6,6,1,0,1,467,28,0,0,0,0,1,43.2591377,-2.9271253,0.769,0.177,1,1,0.3938,GOOD,"Calle Bailén, Abando, Bilbao",Abando,,,
BBO_37,BBO,30,43.2721451056,-2.9414195586,,HIGH,1,0,1,0,0,5,7,1,0,1,355,19,0,0,0,0,1,43.2718047,-2.9412396,1.102,0.492,1,1,0.0406,EXCELLENT,"Ugaskobidea, Bilbao",Ugasko,UGASKOBIDEA,,Pont bleu métallique
CAZ_09,CAZ,20,43.5707377222,7.1087790193,,HIGH,1,0,2,0,0,4,7,1,1,1,456,50,0,0,0,0,0,,,,,0,1,,NO_GEO,"Boulevard Charles Guillaumont, 06160 Juan-les-Pins",Juan-les-Pins,JUAN-LES-PINS,,Pont JUAN-LES-PINS|Arches Art Déco
CAZ_23,CAZ,50,43.4564429568,6.9213892941,,LOW,0,0,1,0,0,6,7,1,1,1,477,56,0,0,0,0,0,,,,,0,1,,NO_GEO,"Route des Calanques ou Chemin du Sémaphore, Cassis 13260",Quartier périphérique ou zone côtière de Cassis,,,Bâtiment abandonné avec graffitis
RA_12,RA,30,44.4225495213,12.2016946359,,HIGH,0,0,1,0,0,4,5,1,1,1,337,36,0,0,0,0,0,,,,,0,1,,NO_GEO,"Porta Adriana, Viale Farini, Ravenna",Centro Storico,,,Porta Adriana
RA_05,RA,30,44.4200090908,12.1941454988,,MEDIUM,0,0,0,0,0,5,5,1,1,1,419,25,0,0,0,0,1,44.4140034,11.9829455,17.524,,0,1,16.7873,FAR,"Via Cavour, 48100 Ravenna",Centro Storico,,,
BTA_16,BTA,10,42.7026538572,9.4529295391,,MEDIUM,0,0,2,0,0,7,9,1,0,1,434,35,0,0,0,0,1,42.6982731,9.4493135,0.175,0.235,1,1,0.5697,OK,"Boulevard Paoli, Vieux-Port, Bastia",Vieux-Port,,,Port de Bastia|Front de mer
BTA_04,BTA,10,42.6949160728,9.4473011986,,MEDIUM,0,1,0,0,0,6,7,1,1,1,450,70,0,0,0,0,1,42.6933474,9.4524199,0.455,2.487,1,1,0.4532,GOOD,"Centre historique de Bastia, quartier de la Citadelle ou Terra Vecchia",Centre-ville de Bastia,,EPICERIE,
GNV_09,GNV,40,46.2104074233,6.1412216635,,HIGH,1,2,2,0,0,4,9,1,0,1,411,34,1,0,0,1,1,46.2095333,6.1405639,0.606,,0,1,0.1096,GOOD,"Place de Montbrillant, 1201 Genève",Quartier de Montbrillant,Place de Montbrillant,Café La Petite Reine|Geneva Roule,Grande roue murale (artwork)|Quai/promenade avec vélos
GNV_12,GNV,30,46.1986161305,6.1372005628,,HIGH,2,2,0,0,0,4,8,1,1,1,332,60,1,0,0,1,1,46.1984989,6.1381819,0.761,0.243,1,1,0.0766,EXCELLENT,"Angle Rue des Vieux-Grenadiers et Rue des Bains, 1205 Genève",Plainpalais,Rue des Vieux-Grenadiers|Rue des Bains,CAFE de...|BRASSERIE DE...,
BRN_27,BRN,30,46.9499386569,7.4584556404,,LOW,0,0,0,0,0,6,6,1,0,1,437,14,0,0,0,0,1,46.9497013,7.4455316,0.236,0.0,1,1,0.9814,OK,"Altstadt, Bern",Altstadt,,,
BRN_07,BRN,10,46.9476080559,7.4524705616,,MEDIUM,0,0,1,0,0,6,7,1,0,1,509,30,1,0,0,0,1,46.9482973,7.4540502,0.506,0.665,1,1,0.1423,GOOD,"Gerechtigkeitsgasse, 3011 Bern",Altstadt,,,Arcades historiques
MLGA_27,MLGA,40,36.7229167751,-4.4172705648,,MEDIUM,0,0,1,0,0,5,6,1,0,1,485,43,0,0,0,0,1,36.7215785,-4.4171898,0.377,0.427,1,1,0.149,GOOD,"Calle Alcazabilla, Centro Histórico, Málaga",Centro Histórico,,,Alcazaba de Málaga
MLGA_05,MLGA,50,36.7190382896,-4.4106874186,,MEDIUM,0,4,0,0,0,4,8,1,0,1,507,37,0,0,0,0,1,36.7218622,-4.4264751,0.457,0.0,1,1,1.4418,APPROX,"Calle Héroe de Sostoa, Centro, Málaga",Centro,,FENG YUAN|SUPERMERCADO|CONGELADOS BEBIDAS|TECHOS INGLESES,
KAT_07,KAT,30,27.7085045062,85.3075535599,,MEDIUM,0,1,0,0,0,4,5,1,0,1,386,36,0,0,0,0,1,27.7166578,85.3127015,1.114,0.0,1,1,1.0386,APPROX,"Thamel, près de Pizza Hut, Kathmandu",Thamel,,PIZZA HUT,
KAT_25,KAT,10,27.7113201982,85.3110201896,,LOW,0,0,0,0,0,5,5,1,0,1,499,17,0,0,0,0,1,27.7166578,85.3127015,1.114,0.0,1,1,0.6162,OK,"Thamel, Kathmandu",Thamel,,,
KLN_02,KLN,20,50.9401406058,6.9463412942,,MEDIUM,0,0,0,0,0,6,6,1,0,1,469,40,0,0,0,0,1,50.9458194,6.9262976,2.556,0.562,1,1,1.5398,APPROX,"Venloer Straße, Ehrenfeld, 50823 Cologne",Ehrenfeld,,,
KLN_17,KLN,20,50.9383768366,6.9718134148,,HIGH,2,1,4,0,0,5,12,1,0,1,372,32,0,0,0,0,1,50.9365262,6.9702929,0.709,0.195,1,1,0.2317,GOOD,"Deutzer Brücke, 50679 Köln-Deutz",Deutz,Zentrum|Deutzer Brücke,Hyatt Kongress,Deutzer Brücke|Foreal Businessforum|Lanxess Arena|Stadthaus
AMS_13,AMS,20,52.3680242712,4.8989390392,,MEDIUM,0,0,1,0,0,7,8,1,0,1,631,54,0,0,0,0,1,52.3626255,4.8877467,1.241,,0,1,0.9684,OK,"Prinsengracht or Keizersgracht area, Amsterdam Centrum",Grachtengordel (Canal Belt),,,Canal bridge with characteristic Amsterdam wooden construction
AMS_07,AMS,10,52.3685363971,4.8812714438,,LOW,0,0,0,0,0,5,5,1,0,1,491,62,0,0,0,0,1,52.371979,4.8847268,1.403,1.119,1,1,0.449,GOOD,"Quartier des canaux du centre d'Amsterdam, zone Grachtengordel",Centrum,,,
PRT_05,PRT,10,-31.9521523661,115.8530267346,,LOW,0,0,0,0,0,5,5,1,0,1,521,40,0,0,0,0,1,-31.9552615,115.8587988,0.553,0.0,1,1,0.645,OK,Perth CBD central business district area,Perth CBD,,,
PRT_18,PRT,10,-31.9388687625,115.841042281,,MEDIUM,0,0,2,0,0,7,9,1,0,1,530,35,1,1,1,0,1,-31.9603596,115.8586158,1.111,,0,1,2.9086,APPROX,"Barrack Street Jetty, Perth WA 6000",South Perth or Barrack Street Jetty area,,,Pedestrian bridge with distinctive white modernist architecture|Ferry terminal or maritime facility (indicated by ferry icon on building)
BSL_13,BSL,30,47.5595829822,7.59807651,,MEDIUM,0,1,0,0,0,6,7,1,0,1,445,22,1,0,0,0,1,47.5608186,7.5912298,0.239,0.01,1,1,0.5318,OK,"Rheingasse, 4058 Basel",Kleinbasel,,MAGGI,
BSL_24,BSL,30,47.5785031555,7.5581682022,,MEDIUM,1,0,0,0,0,7,8,1,0,1,451,44,0,0,0,0,0,,,,,0,1,,NO_GEO,"A2 ou A3 Autoroute, périphérie nord de Basel",Zone autoroutière/industrielle,CEDEZ LE PASSAGE,,
NCL_25,NCL,10,54.9692791926,-1.5975459582,,LOW,0,0,0,0,0,4,4,1,0,1,596,44,0,0,0,0,1,54.9689192,-1.6226896,1.089,0.0,1,1,1.6054,APPROX,Commercial building in Newcastle City Centre,City Centre,,,
NCL_23,NCL,10,54.9717252871,-1.6127772242,,HIGH,0,2,1,0,0,6,9,1,0,1,466,36,0,0,0,0,1,54.9713885,-1.6130278,0.827,0.675,1,1,0.0407,EXCELLENT,"High Bridge, Newcastle upon Tyne NE1",Newcastle city centre,,The Duke of Wellington|DRIP,The Duke of Wellington pub
RTD_16,RTD,10,51.9149864343,4.46333266,,LOW,0,0,0,1,0,5,6,1,0,1,405,88,1,0,0,0,0,,,,,0,1,,NO_GEO,"Secteur numéroté 208, probablement le long d'un quai ou boulevard du centre de Rotterdam",Centre-ville de Rotterdam,,,
RTD_23,RTD,10,51.9158371366,4.4779107058,,LOW,0,0,0,0,0,5,5,1,0,1,551,51,0,0,0,0,0,,,,,0,1,,NO_GEO,Galerie d'art dans le quartier Centrum de Rotterdam,Centre-ville de Rotterdam,,,
DJN_02,DJN,10,36.3663518617,127.3864007231,,MEDIUM,0,0,2,0,0,5,7,1,0,1,519,59,0,0,0,0,1,36.3620732,127.3564099,2.831,0.0,1,1,2.7272,APPROX,"Yuseong-gu, Daejeon (proximité parc avec fontaine aux ours)",Yuseong-gu,,,fontaine avec sculpture d'ours|bassin d'eau rectangulaire avec plateforme en bois
DJN_23,DJN,20,36.35478916,127.3454100661,,LOW,0,1,0,0,0,5,6,1,0,1,457,71,0,0,0,0,0,,,,,0,1,,NO_GEO,"Quartier central de Daejeon, zone commerciale près des rues principales",Centre-ville de Daejeon,,타이 아로마 건전마사지,
MLB_11,MLB,0,-37.7999187,144.9842634,vision,MEDIUM,0,1,0,0,0,7,8,1,0,1,522,36,0,0,0,0,1,-37.8065461,144.9829625,1.913,0.721,1,1,0.7457,OK,"Smith Street, Collingwood, Melbourne",Collingwood,,Friends of the Earth,
MLB_18,MLB,10,-37.8006513914,144.9642363383,,MEDIUM,0,0,0,1,0,6,7,1,0,1,561,46,1,0,0,0,1,-37.7908293,144.9760685,2.777,0.079,1,1,1.5079,APPROX,"678 Nicholson Street, Carlton North, Melbourne",Carlton/Fitzroy,,,
SD_05,SD,20,32.7137782901,-117.1581120704,,LOW,0,0,0,0,0,5,5,1,0,1,464,77,0,0,0,0,1,32.7174202,-117.162772,0.247,0.491,1,1,0.595,OK,"Centre historique de San Diego, proximité du quartier Gaslamp ou East Village",Downtown San Diego,,,
SD_18,SD,20,32.7105323652,-117.164828317,,MEDIUM,0,0,0,0,0,5,5,1,0,1,466,45,0,0,0,0,1,32.7071882,-117.1568773,1.026,0.314,1,1,0.8317,OK,"Petco Park area, Downtown San Diego, CA 92101",Gaslamp Quarter,,,
RBA_09,RBA,40,34.0186214392,-6.8310118553,,HIGH,1,1,0,0,0,5,7,1,0,1,402,34,0,0,0,0,0,,,,,0,1,,NO_GEO,"Place Abdelkrim El Khattabi, Rabat",Centre-ville,PLACE A. MELKENI,LASKA,
RBA_15,RBA,40,33.9948152863,-6.851156594,,LOW,0,0,0,0,0,6,6,1,0,1,418,21,0,0,0,0,1,33.9951272,-6.8480091,2.926,0.0,1,1,0.2922,GOOD,"Quartier Agdal, Rabat",Agdal,,,
IST_20,IST,20,41.0325359213,28.9850313864,,LOW,0,0,0,0,0,5,5,1,0,1,371,66,0,0,0,0,1,41.0317276,28.9860786,2.694,,0,1,0.1257,GOOD,"Quartier de Beyoğlu, zone résidentielle près de Galata ou Cihangir",Beyoğlu ou Karaköy,,,
IST_11,IST,20,41.0158940233,28.9557679471,,MEDIUM,0,0,1,0,0,2,3,1,0,1,500,50,0,0,0,0,1,41.006381,28.9758715,0.293,0.0,1,1,1.991,APPROX,"Murailles de Théodose, quartier de Fatih, Istanbul",Fatih,,,Murailles byzantines historiques
MUN_05,MUN,40,48.1339836609,11.5678291641,,LOW,0,0,0,0,0,5,5,1,0,1,435,103,0,0,0,0,0,,,,,0,1,,NO_GEO,"Quartier Schwabing, zone résidentielle ancienne, probablement entre Leopoldstraße et Hohenzollernstraße",Schwabing ou Maxvorstadt,,,
MUN_08,MUN,50,48.1332887944,11.5331827945,,LOW,0,0,0,0,0,5,5,1,0,1,564,82,0,0,0,0,1,48.107947,11.4610241,9.474,,0,1,6.0523,ZONE,"Zone industrielle ou friche urbaine dans le quartier de Schwabing-Freimann, Munich",Schwabing-Freimann ou Maxvorstadt,,,
PA_1519,PA,30,48.8529125745,2.3595316455,,MEDIUM,0,0,0,0,0,7,7,1,0,1,464,29,0,0,0,0,1,48.8337408,2.3735191,2.982,1.291,1,1,2.3648,APPROX,"Avenue de France, 75013 Paris",13e arrondissement,,,
PA_349,PA,20,48.8612687489,2.3025977761,,HIGH,1,0,0,1,0,8,10,1,1,1,447,40,1,0,0,0,1,48.8330485,2.3559122,2.633,0.0,1,1,5.0066,ZONE,"7 Boulevard de l'Université, 75013 Paris",13e arrondissement,BOULEVARD DE L'UNIVERSITE,,
PA_1178,PA,30,48.8215679958,2.3684167861,,MEDIUM,0,2,0,0,0,6,8,1,0,1,481,26,0,0,0,0,1,48.8234329,2.3655007,3.814,,0,1,0.2976,GOOD,"Avenue d'Ivry, 75013 Paris",périphérie parisienne ou grande couronne,,TABAC|PMU,
PA_340,PA,50,48.8535866799,2.3534951155,,MEDIUM,0,0,2,0,0,5,7,1,1,1,579,64,0,0,0,0,1,48.8515801,2.3543432,0.58,,0,1,0.2316,GOOD,"Quai d'Orléans ou Quai de Bourbon, 75004 Paris (Île Saint-Louis)",4e arrondissement (probablement Île Saint-Louis ou quais de Seine rive droite/gauche),,,Quai de la Seine|Île de la Cité ou Île Saint-Louis
PA_268,PA,20,48.8790747492,2.3035532783,,HIGH,1,0,1,0,1,5,8,1,0,1,321,55,0,0,0,0,1,48.8843307,2.3221064,3.788,0.0,1,1,1.4772,APPROX,"Angle du Parc Schmidt-Helene, 17e arrondissement, Paris",17e arrondissement,PARC SCHMIDT-HELENE,,Parc Schmidt-Helene
PA_608,PA,10,48.8201273429,2.4841867457,,LOW,0,2,0,0,0,5,7,1,0,1,481,95,0,0,0,0,0,,,,,0,1,,NO_GEO,"Commune de première couronne parisienne, probablement dans le Val-de-Marne ou Seine-Saint-Denis",Banlieue parisienne proche,,NEW 18|THE CYCLE,
PA_805,PA,20,48.8206126328,2.3753552887,,MEDIUM,0,0,0,1,0,6,7,1,0,1,558,33,1,0,0,0,1,48.8577345,2.3536167,0.163,,0,1,4.4237,ZONE,"6 Rue de la Verrerie, 75004 Paris",3e ou 4e arrondissement,,,
PA_726,PA,20,48.885682932,2.3165639696,,HIGH,1,1,0,1,0,6,9,1,1,1,368,28,1,0,0,0,1,48.886819,2.3150914,4.319,0.86,1,1,0.166,GOOD,"157 rue de Rome, 75017 Paris",17e arrondissement - Quartier des Batignolles,RUE DE ROME,AUX COUSCOUS DES BATIGNOLLES,
PA_1523,PA,20,48.8664826713,2.3373830353,,MEDIUM,0,1,0,0,0,5,6,1,0,1,530,68,0,1,1,0,1,48.8641504,2.3502887,0.851,,0,1,0.979,OK,"Rue de Turbigo ou proximité du quartier du Temple, 3e arrondissement",3e ou 4e arrondissement,,L'Arbre,
PA_807,PA,20,48.820653428,2.3755394796,,LOW,0,0,0,0,0,5,5,1,0,1,554,114,0,0,0,0,1,48.8691692,2.3801599,2.477,,0,1,5.4053,ZONE,"Quartier de Belleville, 19e arrondissement, probablement rue Dénoyez ou rues adjacentes connues pour le street art",Belleville ou Ménilmontant (19e ou 20e arrondissement),,,
PA_1091,PA,30,48.8827993593,2.3719680103,,MEDIUM,0,0,1,0,0,4,5,1,0,1,535,76,0,0,0,0,1,48.8664195,2.3233035,2.379,,0,1,3.998,ZONE,"Place de la Concorde ou proximité du Louvre, 1er arrondissement, 75001 Paris",1er arrondissement (style néoclassique monumental typique du centre historique),,,Colonnes néoclassiques à cannelures (architecture monumentale)
PA_301,PA,10,48.8502212569,2.3734104337,,MEDIUM,0,2,0,0,0,6,8,1,0,1,493,40,0,0,0,1,1,48.8736119,2.3549099,1.902,,0,1,2.932,APPROX,"Rue du Faubourg Saint-Denis, 75010 Paris",10e ou 18e arrondissement,,Zara|Pharmacie,
PA_456,PA,10,48.8644848563,2.2943306631,,HIGH,1,0,2,0,1,5,9,1,1,1,437,25,0,0,0,0,1,48.8650298,2.294801,4.302,2.25,1,1,0.0697,EXCELLENT,"Place d'Iéna, 75116 Paris",16e arrondissement,PLACE D'IÉNA,,Place d'Iéna|Station de métro Iéna
PA_981,PA,30,48.845107888,2.383276384,,HIGH,1,1,1,0,0,4,7,1,1,1,373,39,0,0,0,0,1,48.864212,2.360936,1.061,0.0,1,1,2.6803,APPROX,"Place du Cardinal Bourgoin, 75003 Paris",3e arrondissement,PLACE DU CARDINAL BOURGOIN,Boulanger Artisan Pâtissier,Place du Cardinal Bourgoin
PA_1463,PA,30,48.8485203961,2.3478959536,,LOW,0,0,0,0,0,7,7,1,0,1,462,53,0,0,0,0,1,48.8571612,2.3594082,0.531,,0,1,1.2777,APPROX,"Rue des Rosiers ou rues adjacentes, 4e arrondissement",Marais ou Centre historique (3e-4e arrondissement probable),,,
PA_640,PA,30,48.8872378658,2.3371436209,,LOW,0,0,0,0,0,4,4,1,0,1,576,124,0,0,0,0,1,48.8529371,2.3500501,0.437,,0,1,3.9292,ZONE,"Quartier en développement urbain récent de Paris (possiblement 13e, 15e ou 19e arrondissement - zones de rénovation urbaine)",Quartier moderne/récent (architecture contemporaine),,,
PA_864,PA,20,48.878732393,2.3377592649,,MEDIUM,0,1,0,0,0,3,4,1,0,1,496,27,0,0,0,0,1,48.8559804,2.363966,0.864,0.942,1,1,3.1741,ZONE,"Rue de Turenne, 75003 Paris",3e arrondissement,,Connexion Immobilier,
PA_94,PA,10,48.8470554715,2.3326181014,,HIGH,0,0,1,0,0,6,7,1,1,1,470,63,1,0,0,0,1,48.8228942,2.3405011,3.844,1.95,1,1,2.7479,APPROX,"2 Rue Gazan, 75014 Paris (entrée principale du Parc Montsouris)",14e arrondissement,,,Parc Montsouris
PA_755,PA,20,48.8751256319,2.3404702974,,MEDIUM,0,2,0,0,0,7,9,1,0,1,472,76,0,0,0,0,1,48.8745493,2.3416651,2.139,,0,1,0.1084,GOOD,"Intersection rue du Faubourg Montmartre et boulevard Montmartre, 75009 Paris",9e ou 10e arrondissement,,LE VIEUX|LA QUARANTIE,
PA_744,PA,20,48.8687040388,2.392078383,,LOW,0,0,0,0,0,8,8,1,1,1,463,77,1,0,0,0,0,,,,,0,1,,NO_GEO,"Montreuil, Seine-Saint-Denis (93), zone industrielle ou quartier périphérique","Montreuil ou Saint-Denis (banlieue est parisienne, 93)",,,
PA_596,PA,10,48.8434576084,2.2957439094,,MEDIUM,0,1,0,0,0,8,9,1,0,1,423,30,0,0,0,0,1,48.8321707,2.3719501,3.077,1.178,1,1,5.7168,ZONE,"Rue du Chevaleret, 75013 Paris",13e arrondissement,,Thisse,
PA_1343,PA,30,48.8565298903,2.3095934685,,HIGH,2,2,2,0,0,4,10,1,1,1,405,75,0,0,0,1,1,48.8576633,2.3099671,3.092,0.508,1,1,0.129,GOOD,"Angle Boulevard de la Tour Maubourg et Rue de la Tour Maubourg, 75007 Paris",7e arrondissement,BOULEVARD DE LA TOUR MAUBOURG|RUE DE LA TOUR MAUBOURG,HOTEL DE L'EMPEREUR|ANTIQUAIRE,Boulevard de la Tour Maubourg|Rue de la Tour Maubourg
PA_418,PA,10,48.9014566164,2.3443194191,,MEDIUM,0,0,0,0,0,5,5,1,0,1,643,77,0,0,0,0,1,48.9029523,2.3388582,5.246,,0,1,0.4324,GOOD,"Marché aux Puces de Saint-Ouen, 93400 Saint-Ouen-sur-Seine (limite Paris 18e)",18e ou 20e arrondissement (périphérie nord/est),,,
PA_704,PA,30,48.8522776861,2.3649611338,,HIGH,2,1,0,1,0,3,7,1,1,1,317,34,1,0,0,0,1,48.8523436,2.3648259,1.038,0.799,1,1,0.0123,EXCELLENT,"34 rue de la Cerisaie, 75004 Paris",4e arrondissement,RUE DE LA CERISAIE|4e Arr't,BAZAR DE L'ÉLECTRICITÉ,
PA_435,PA,50,48.8653854996,2.3759105251,,MEDIUM,0,1,0,0,0,7,8,1,0,1,473,37,0,0,0,0,1,48.858416,2.379703,2.022,0.0,1,1,0.8231,OK,"Boca Mexa, rue Oberkampf, 75011 Paris",11e arrondissement,,BOCA MEXA,
PA_960,PA,20,48.8582992555,2.3894707229,,HIGH,0,2,0,0,1,6,9,1,1,1,363,36,0,0,0,0,1,48.8560042,2.3911823,2.853,0.882,1,1,0.2843,GOOD,"Avenue Philippe Auguste, 75011 Paris",11e arrondissement,,Casitalia|Philippe Auguste,
PA_246,PA,10,48.8674905348,2.3632457874,,HIGH,0,0,0,0,1,6,7,1,0,1,460,45,0,0,0,0,0,,,,,0,1,,NO_GEO,"Station de métro Sèvres-Babylone, 75006 Paris","Secteur Sèvres-Babylone ou Montparnasse (6e, 7e ou 14e arrondissement)",,,
PA_1319,PA,30,48.8784178658,2.3424447337,,HIGH,1,2,0,1,0,5,9,1,1,1,409,37,1,0,0,0,1,48.8784322,2.3419785,2.54,0.573,1,1,0.0341,EXCELLENT,"15 rue de l'Agent Bailly, 75009 Paris",9e arrondissement,RUE DE L'AGENT BAILLY,HOTARU|avidom,
PA_1346,PA,20,48.8490959306,2.3674071442,,HIGH,0,0,3,0,0,5,8,1,1,1,394,56,0,0,0,0,1,48.8442218,2.3811783,2.528,0.0,1,1,1.1442,APPROX,"Port de l'Arsenal, Boulevard de la Bastille, 75012 Paris",12e arrondissement,,,Colonne de Juillet|Port de l'Arsenal|Pont métallique
PA_541,PA,20,48.8556326596,2.3746220618,,MEDIUM,0,1,0,0,0,6,7,1,0,1,526,50,0,1,1,0,1,48.8607071,2.3552584,0.509,,0,1,1.5248,APPROX,"Rue du Temple ou Rue de Turbigo, 3e arrondissement",3e ou 11e arrondissement,,COOL & PRESS,
PA_902,PA,20,48.8464126374,2.3020864656,,HIGH,0,2,1,1,0,5,9,1,0,1,442,29,1,0,0,0,1,48.8783757,2.3907343,3.716,0.742,1,1,7.3948,ZONE,"21 rue de Crimée, 75019 Paris",19e arrondissement,,J-C Prosper|ORPI,Pont métallique (structure ferroviaire/métro aérien)
PA_1486,PA,50,48.8178982281,2.4134875043,,LOW,0,0,0,0,0,8,8,1,0,1,510,82,0,0,0,0,1,48.8183357,2.366174,4.376,,0,1,3.4645,ZONE,"Boulevard Périphérique secteur Porte d'Ivry ou Porte de Choisy, 13e arrondissement",13e ou périphérie sud/est,,,
PA_532,PA,20,48.8658451042,2.3782277098,,MEDIUM,0,3,0,0,0,5,8,1,0,1,402,36,0,0,0,0,1,48.8285181,2.3580715,3.152,0.528,1,1,4.4048,ZONE,"Avenue de Choisy, 13e arrondissement",13e arrondissement,,TRAITEUR CHINOIS|LE HARMONIE|CHALECO...,
PA_1352,PA,40,48.8255723006,2.3601055446,,LOW,0,1,0,0,0,7,8,1,0,1,563,71,0,0,0,0,1,48.8277892,2.3504267,3.206,0.709,1,1,0.7502,OK,"Quartier de la Butte-aux-Cailles ou secteur Tolbiac, 13e arrondissement",13e arrondissement,,LAVERIE,
PA_1336,PA,100,48.8503732373,2.3854988902,,LOW,0,2,0,0,0,5,7,1,0,1,501,63,0,0,0,0,1,48.8260904,2.3573505,3.413,,0,1,3.3963,ZONE,"Quartier Tolbiac ou Belleville, Paris 13e ou 20e arrondissement",13e ou 20e arrondissement,,LAVERIE|JET SERVICE,
PA_560,PA,10,48.8685522521,2.2740607279,,HIGH,2,0,0,0,0,7,9,1,1,1,390,31,0,0,0,0,1,48.869263,2.2746713,5.843,1.728,1,1,0.0908,EXCELLENT,"Boulevard Flandrin, 75016 Paris",16e arrondissement,BOULEVARD FLANDRIN|16e Arrt,,
PA_464,PA,10,48.8569979496,2.3554668145,,MEDIUM,0,1,0,0,0,7,8,1,0,1,445,28,0,0,0,1,1,48.8579369,2.380159,2.051,0.063,1,1,1.8095,APPROX,"Place Léon Blum, 75011 Paris",11e arrondissement,,PHARMACIE,
PA_602,PA,30,48.8738317002,2.3855465547,,MEDIUM,0,5,0,0,1,6,12,1,1,1,478,32,0,0,0,2,1,48.8823028,2.3387781,3.022,0.589,1,1,3.5475,ZONE,"Boulevard de Clichy, 75018 Paris",18e arrondissement (Montmartre),,BISTROT|LE MISTI|PHARMACIE|METRO|Café,
PA_1288,PA,30,48.8837791177,2.371369658,,HIGH,0,0,2,0,0,7,9,1,1,1,533,29,0,0,0,0,1,48.8865995,2.3743918,3.71,0.897,1,1,0.3836,GOOD,"Quai de la Seine, 75019 Paris",19e arrondissement,,,Bassin de la Villette|Canal de l'Ourcq
PA_969,PA,30,48.8501009689,2.2796357987,,HIGH,0,0,1,0,0,4,5,1,1,1,401,45,0,0,0,0,1,48.8401232,2.3024509,4.075,0.0,1,1,2.0046,APPROX,"Allée des Cygnes, Île aux Cygnes, 75015 Paris",15e arrondissement,,,Statue de la Liberté (réplique)
PA_841,PA,20,48.8650191849,2.3484654907,,HIGH,1,2,1,0,0,6,10,1,1,1,527,29,0,0,0,1,1,48.8650313,2.3476934,0.994,0.603,1,1,0.0565,EXCELLENT,"Rue Marie Stuart, 75002 Paris",2e arrondissement,RUE MARIE STUART,MELO D'AMELIE|THEATRE,Théâtre Mélo d'Amélie
PA_895,PA,50,48.9004517121,2.387226245,,HIGH,1,0,1,0,1,4,7,1,1,1,420,57,0,0,0,0,1,48.900203,2.3800481,5.259,1.821,1,1,0.5254,OK,"Porte de la Villette, Boulevard Périphérique, 75019 Paris",19e arrondissement,PORTE DE LA VILLETTE,,Porte de la Villette
PA_683,PA,30,48.8659184929,2.3701102343,,HIGH,2,2,0,0,0,4,8,1,1,1,445,59,0,0,0,0,1,48.865941,2.3705319,1.696,1.072,1,1,0.0309,EXCELLENT,"Angle rue Jean-Pierre Timbaud et rue Oberkampf, 75011 Paris",11e arrondissement,RUE JEAN PIERRE TIMBAUD|11e Arr't,SIDNEY BECHET|MANOUSH,
PA_321,PA,10,48.846395756,2.3418132239,,MEDIUM,0,0,0,0,0,5,5,1,1,1,444,42,0,0,0,0,1,48.8860334,2.3404047,3.385,1.28,1,1,4.4087,ZONE,"Rue du Calvaire ou Rue Chappe, 75018 Paris","Montmartre, 18e arrondissement",,,
PA_1407,PA,50,48.8497599497,2.345239241,,MEDIUM,0,3,0,0,0,5,8,1,0,1,477,28,0,0,0,1,1,48.8516456,2.3438411,0.823,,0,1,0.2333,GOOD,"Rue de la Harpe, 75005 Paris","Centre de Paris, probablement 5e ou 6e arrondissement",,HOTEL|LE BISTRO DU PERIGORD|Au V...,
PA_1081,PA,30,48.8597940304,2.3525302375,,HIGH,0,0,1,0,0,6,7,1,1,1,490,35,0,0,0,0,1,48.8607767,2.3517736,0.465,0.581,1,1,0.1225,GOOD,"Place Georges-Pompidou, 75004 Paris",4e arrondissement,,,Centre Pompidou
PA_1487,PA,30,48.86655331,2.3343835156,,HIGH,1,2,0,0,0,5,8,1,1,1,353,55,0,0,0,0,1,48.8660937,2.3357764,1.599,0.193,1,1,0.114,GOOD,"Angle rue Thérèse et rue des Petits-Champs, 75001 Paris",1er arrondissement,RUE THÉRÈSE,GrandOptical|YANNICK,
PA_1170,PA,100,48.8639880307,2.3553553286,,MEDIUM,0,2,0,1,0,7,10,1,1,1,454,32,1,0,0,0,1,48.8631349,2.3639472,1.125,,0,1,0.6356,OK,"47 rue de Saintonge, 75003 Paris",3e ou 4e arrondissement,,DALY|GRAFFILY,
PA_822,PA,10,48.8584289963,2.4006706999,,HIGH,1,2,0,1,0,6,10,1,0,1,349,26,1,0,0,0,1,48.8654754,2.3970061,3.423,0.0,1,1,0.8281,OK,"20 rue Leseps, 75020 Paris",20e arrondissement,RUE LESEPS,BISTRO|Lebonc...,
PA_1520,PA,30,48.8851843373,2.3552482226,,LOW,0,0,0,0,0,5,5,1,0,1,332,57,0,0,0,0,1,48.8929564,2.3825131,4.611,,0,1,2.1727,APPROX,"19e arrondissement, secteur Belleville ou Buttes-Chaumont",19e ou 20e arrondissement,,,
PA_236,PA,20,48.8708260282,2.2997578308,,HIGH,2,0,0,0,0,5,7,1,1,1,356,25,0,0,0,0,1,48.8702522,2.2999638,4.112,4.51,1,1,0.0656,EXCELLENT,"Rue Magellan, 75003 Paris",3e arrondissement,RUE MAGELLAN|3e ARR.,,
PA_1042,PA,50,48.7740076466,2.4032829713,,MEDIUM,2,0,0,0,0,7,9,1,0,1,493,71,0,0,0,0,0,,,,,0,1,,NO_GEO,"Périphérique Nord de Paris, sortie vers Stains/Saint-Denis (A86 ou RN1)",Périphérie parisienne / banlieue nord-ouest,STAINS|VERSAILLES,,
PA_1457,PA,20,48.8572412542,2.3757300276,,MEDIUM,0,1,0,2,0,6,9,1,0,1,448,32,1,1,1,0,1,48.8615133,2.3564487,0.629,,0,1,1.4884,APPROX,"48-50 rue du Temple, 75003 Paris",3e ou 4e arrondissement,,L'IMPROMPTU,
PA_454,PA,30,48.8731740168,2.3636746805,,HIGH,0,0,1,0,0,4,5,1,1,1,412,41,0,0,0,0,1,48.871979,2.3849633,2.944,0.478,1,1,1.5626,APPROX,"Parc de Belleville, rue Piat, 75020 Paris","Belleville, 20e arrondissement",,,Assainissement de Paris
PA_434,PA,30,48.84076416,2.3980649897,,LOW,0,0,0,0,0,7,7,1,0,1,484,121,0,0,0,0,1,48.8442218,2.3811783,2.528,,0,1,1.2942,APPROX,"Quartier résidentiel du 13e arrondissement, possiblement secteur Butte-aux-Cailles ou proche des anciennes fortifications",13e arrondissement (estimation basée sur architecture et contexte périphérique),,,
PA_1466,PA,30,48.8533748075,2.3460019653,,HIGH,0,0,1,0,0,5,6,1,1,1,625,31,0,0,0,0,1,48.8518963,2.3494065,0.562,0.66,1,1,0.2985,GOOD,"Quai de Montebello, 75005 Paris",4e arrondissement,,,Notre-Dame de Paris
PA_903,PA,20,48.8816473721,2.3021390157,,MEDIUM,0,2,0,1,0,6,9,1,0,1,561,47,1,0,0,0,1,48.8562021,2.3556193,0.254,,0,1,4.8277,ZONE,15 rue dans le Marais (3e ou 4e arrondissement),"Marais ou quartiers centraux (3e, 4e, ou 10e arrondissement probable)",,IMRA|ELEC,
PA_794,PA,20,48.8205861725,2.3753598156,,LOW,0,0,0,0,0,7,7,1,0,1,485,68,0,0,0,0,1,48.8962567,2.396631,5.477,,0,1,8.5569,ZONE,"Canal de l'Ourcq ou abords de la Petite Ceinture, 19e arrondissement","Est parisien (10e, 11e, 19e ou 20e arrondissement)",,,
PA_478,PA,50,48.8525735711,2.2813982348,,MEDIUM,0,0,1,0,0,6,7,1,1,1,530,24,0,0,0,0,1,48.8257861,2.3875977,4.295,2.456,1,1,8.3235,ZONE,"Quai d'Ivry, 75013 Paris",13e arrondissement,,,Pont ferroviaire avec balustrade à balustres
PA_1280,PA,50,48.882207032,2.3157377206,,HIGH,1,1,0,0,0,5,7,1,1,1,394,48,0,0,0,0,1,48.8849126,2.3249626,3.726,0.219,1,1,0.7386,OK,"Angle rue des Dames et rue Legendre, 75017 Paris",17e arrondissement,RUE DAMES,Marionnaud,
PA_1176,PA,30,48.8775283575,2.3422812343,,HIGH,2,2,0,1,0,6,11,1,1,1,309,25,1,0,0,0,1,48.8783146,2.3427256,2.512,0.579,1,1,0.0933,EXCELLENT,"8 Rue Rodier, 75009 Paris",9e arrondissement,RUE RODIER|9e Arr.,LA HALLE|Les Experts du,
PA_121,PA,10,48.8576172701,2.332844337,,HIGH,1,0,0,2,0,7,10,1,1,1,332,24,1,0,0,0,1,48.877892,2.3688786,2.663,2.6,1,1,3.4683,ZONE,"7 rue Camus, 75004 Paris",4e arrondissement,CAMUS-PINEL,,
PA_967,PA,20,48.8545669786,2.2891704021,,HIGH,4,6,3,0,0,4,17,1,1,1,458,37,0,0,0,2,1,48.8568407,2.3013705,3.719,0.973,1,1,0.9277,OK,"Avenue de la Bourdonnais, 75007 Paris",7e arrondissement,INVALIDES|Parc du Champ de Mars|Musée du Quai Branly|Déviation,RISTORANTE|PIZZERIA|BURGER|BRUNCH|BREAKFAST|CAFE,Invalides|Parc du Champ de Mars|Musée du Quai Branly
PA_801,PA,20,48.8571574149,2.3316363553,,HIGH,0,0,0,1,0,7,8,1,0,1,486,27,1,0,0,0,1,48.8716515,2.3785163,2.551,,0,1,3.7891,ZONE,"69 rue Denoyez, 75020 Paris",11e ou 20e arrondissement,,,
PA_1518,PA,40,48.8532305467,2.3341327752,,HIGH,2,0,0,0,0,6,8,1,1,1,413,54,0,0,0,0,1,48.8530238,2.3340222,1.388,0.412,1,1,0.0244,EXCELLENT,"Angle rue des Ciseaux et rue de l'Échaudé, 75006 Paris",6e arrondissement (Saint-Germain-des-Prés),RUE DES CISEAUX|RUE...OILEE,,
PA_198,PA,20,48.8742739925,2.372624749,,HIGH,1,1,0,0,0,3,5,1,1,1,479,30,0,0,0,0,1,48.8737645,2.3714391,2.371,0.914,1,1,0.1036,GOOD,"Rue Sainte-Marthe, 75010 Paris",10e arrondissement,RUE Ste MARTHE,PERMANENCE 24h/24 7j/7,
PA_924,PA,10,48.8425412563,2.3717482848,,MEDIUM,0,0,0,0,0,8,8,1,1,1,576,59,0,0,0,0,1,48.8231439,2.3814158,4.291,2.168,1,1,2.27,APPROX,"Boulevard Périphérique près de la Porte d'Ivry, 75013 Paris",13e arrondissement,,,
PA_732,PA,20,48.8732479317,2.3824487262,,HIGH,1,3,0,0,0,5,9,1,1,1,505,51,0,0,0,0,1,48.8654754,2.3970061,3.423,0.0,1,1,1.3714,APPROX,"Angle rue Jouve-Rouve et rue adjacente, 75020 Paris",20e arrondissement,RUE JOUVE-ROUVE,LE GENRE URBAIN|LIBRAIRIE|LIBR'EST,
PA_1259,PA,50,48.832726675,2.4932573019,,LOW,0,0,0,0,0,7,7,1,0,1,496,65,0,0,0,0,1,48.8231439,2.3814158,4.291,,0,1,8.2561,ZONE,Boulevard Périphérique de Paris ou voie rapide en proche banlieue,périphérie parisienne ou banlieue proche,,,
PA_563,PA,30,48.8622191297,2.3371901572,,HIGH,1,0,2,0,0,5,8,1,1,1,451,34,0,0,0,1,1,48.8624655,2.3371678,1.279,0.313,1,1,0.0274,EXCELLENT,"Place du Palais Royal, 75001 Paris",1er arrondissement,PLACE DU PALAIS ROYAL,,Place du Palais Royal|Théâtre (colonne Morris avec affiche)
PA_679,PA,30,48.8404817051,2.3496906275,,MEDIUM,0,0,0,0,0,7,7,1,0,1,520,31,0,0,0,0,1,48.8529386,2.3458554,0.617,,0,1,1.4133,APPROX,"Rue de la Huchette, 75005 Paris","Quartier Latin ou Montmartre (5e, 6e ou 18e arrondissement)",,,
PA_825,PA,20,48.8558712331,2.4229642334,,MEDIUM,2,2,0,0,0,6,10,1,1,1,553,63,0,0,0,1,1,48.8505545,2.3929982,3.06,0.0,1,1,2.2708,APPROX,"Centre-ville de Montreuil, proche de la Mairie, 93100 Montreuil",Montreuil (93),CENTRE VILLE MONTREAU-RUFFINS|Mairie,PHARMACIE|NATURALIA,
LA_196,LA,30,34.0475164557,-118.2496639281,,HIGH,0,1,1,0,0,4,6,1,0,1,403,42,1,0,0,1,1,34.0481177,-118.2490727,0.672,0.643,1,1,0.0862,EXCELLENT,"453 S Spring Street, Los Angeles, CA 90013",Downtown Los Angeles,,THE LAST BOOKSTORE,The Last Bookstore
LA_07,LA,10,34.1053376419,-118.3189704586,,HIGH,0,1,0,0,0,4,5,1,0,1,384,43,1,0,0,0,1,34.1054214,-118.3189272,9.112,1.207,1,1,0.0101,EXCELLENT,"5931 Franklin Avenue, Los Angeles, CA 90028",Hollywood,,BOURGEOIS PIG,
LA_187,LA,30,34.0478252074,-118.243955847,,MEDIUM,0,1,0,0,0,4,5,1,0,1,565,40,0,0,0,0,1,34.0568132,-118.242564,0.524,0.702,1,1,1.0076,APPROX,"Broadway, Downtown Los Angeles, CA 90013",Downtown Los Angeles,,EXOTIC INC,
LA_99,LA,20,34.038276939,-118.2368862685,,LOW,0,0,0,0,0,5,5,1,0,1,408,58,0,0,0,0,1,34.0414677,-118.2689803,2.617,2.62,1,1,2.9784,APPROX,"Downtown Los Angeles, près de Main Street ou Spring Street",Downtown Los Angeles,,,
LA_105,LA,20,34.0472930452,-118.2460235148,,HIGH,2,1,1,1,0,5,10,1,0,1,425,41,1,0,0,0,1,34.045916,-118.247583,0.785,0.679,1,1,0.21,GOOD,"500 S Los Angeles Street, Los Angeles, CA",Downtown Los Angeles,Los Angeles|Los Angeles 500 S,PUBLIC PARKING,Hollywood billboard visible
LA_180,LA,40,34.0468419457,-118.2445658438,,LOW,0,0,0,0,0,5,5,1,0,1,446,45,0,0,0,0,1,34.0488626,-118.238748,0.588,,0,1,0.5812,OK,"Arts District, Downtown Los Angeles, CA 90013",Downtown Los Angeles ou Arts District,,,
LA_45,LA,10,34.0979351165,-118.2864334957,,LOW,0,0,0,0,0,5,5,1,0,1,391,79,0,0,0,0,1,34.0566135,-118.248922,0.687,,0,1,5.7487,ZONE,"Arts District, Downtown Los Angeles, CA (zone entre Alameda St et Santa Fe Ave)",Downtown Los Angeles ou Arts District,,,
LA_65,LA,30,33.9449479257,-118.4057701644,,HIGH,1,0,0,0,0,4,5,1,0,1,400,47,0,0,0,0,1,34.0793204,-118.2272755,3.374,3.506,1,1,22.2244,FAR,"Figueroa Street, Downtown Los Angeles, CA 90015",Downtown Los Angeles,Figueroa,,
LA_85,LA,20,34.1015686931,-118.3117311257,,HIGH,0,2,0,1,0,4,7,1,0,1,435,41,1,0,0,0,1,34.1016354,-118.3117096,8.334,1.532,1,1,0.0077,EXCELLENT,"5606 Hollywood Boulevard, Los Angeles, CA",Hollywood,,Precise Auto Body|Hollywood...,
LA_95,LA,20,34.0404812438,-118.4434207022,,HIGH,0,1,1,0,0,5,7,1,0,1,361,37,0,0,0,0,1,33.8619055,-118.276154,21.37,4.111,1,1,25.146,FAR,"18525 S Main Street, Carson, CA 90248",Carson,,Phantom Carriage,Phantom Carriage Brewery
NY_31,NY,10,40.7141889077,-73.9609185877,,MEDIUM,0,1,0,0,0,5,6,1,0,1,441,48,0,1,1,0,1,40.7159357,-73.9868057,1.655,0.0,1,1,2.1904,APPROX,"George Shaw Wine Bar, Lower East Side, Manhattan",Lower East Side,,GEORGE SHAW,
NY_30,NY,30,40.7118905995,-73.9671715917,,HIGH,0,0,1,0,0,5,6,1,0,1,455,57,0,0,0,0,1,40.70132,-73.9634865,3.804,1.704,1,1,1.2157,APPROX,"Kent Avenue near South 6th Street, Williamsburg, Brooklyn","Williamsburg, Brooklyn",,,Williamsburg Bridge
NY_45,NY,20,40.7223533357,-73.9934440479,,LOW,0,0,0,0,0,4,4,1,0,1,518,52,0,0,0,0,1,40.7159357,-73.9868057,1.655,0.0,1,1,0.9068,OK,"Houston Street ou Bowery, Lower East Side, Manhattan",Lower East Side,,,
NY_214,NY,50,40.7845272,-73.9846601,vision,LOW,0,0,2,0,0,6,8,1,0,1,645,67,0,0,0,0,1,40.7135482,-74.0054261,0.096,0.0,1,1,8.084,ZONE,"Freedom Tunnel or abandoned City Hall Station area, Lower Manhattan",Lower Manhattan,,,Abandoned subway tunnel|Old train station platform
NY_20,NY,10,40.7220010886,-74.0026549436,,MEDIUM,0,0,0,0,0,5,5,1,0,1,483,45,0,0,0,0,1,40.72288,-73.9987505,1.277,0.535,1,1,0.3432,GOOD,"SoHo, Manhattan, entre Houston St et Canal St",SoHo/Tribeca,,,
NY_215,NY,40,40.7102904,-74.0049373,vision,LOW,0,0,0,0,0,3,3,1,0,1,501,46,0,0,0,0,1,40.7472746,-73.9863372,4.176,4.081,1,1,4.401,ZONE,Zone industrielle de Lower Manhattan ou Bowery,Lower Manhattan,,,
NY_132,NY,0,40.7407800877,-74.0070011723,,LOW,1,0,0,0,0,5,6,1,0,1,550,75,0,0,0,0,1,40.7130272,-74.0034742,0.214,4.073,1,1,3.1003,ZONE,"Manhattan, zone commerciale dense (probablement Midtown ou Lower Manhattan)",Manhattan,ONE WAY,,
NY_09,NY,50,40.710655445,-74.0131981021,,HIGH,0,0,2,0,0,4,6,1,1,1,539,40,1,0,0,0,1,40.7115549,-74.0114199,0.477,0.627,1,1,0.1802,GOOD,"185 Greenwich Street, New York, NY 10007",Financial District,,,World Trade Center Transportation Hub|Oculus
NY_135,NY,0,40.7467187478,-73.9886528185,,HIGH,0,1,0,1,0,4,6,1,0,1,419,27,1,0,0,0,1,40.6382387,-73.7035685,26.818,27.657,1,1,26.8925,FAR,"1225 Broadway, New York, NY",Midtown Manhattan,,AWONA GLAZING INC,
LDN_146,LDN,30,51.5526881056,-0.1121180859,,MEDIUM,0,2,0,0,0,5,7,1,0,1,468,37,0,0,0,0,1,51.5170061,-0.0676546,4.297,0.165,1,1,5.02,ZONE,"Whitechapel Road area, East London E1",East London,,B.K. NEWS|openreach,
LDN_14,LDN,10,51.5101849948,-0.1341123325,,HIGH,0,2,1,0,1,4,8,1,1,1,370,29,0,0,0,0,1,51.4957087,-0.1161696,1.529,0.0,1,1,2.0331,APPROX,"Piccadilly Circus, London W1J",Westminster,,TOBACCO|PICCADILLY FOOD & WINE,Piccadilly Circus
LDN_126,LDN,50,51.4929539304,-0.1204222938,,HIGH,0,1,1,0,0,7,9,1,0,1,380,36,0,0,0,0,1,51.508176,-0.0991338,1.986,0.0,1,1,2.2442,APPROX,"Holland Street, Bankside, London SE1","Bankside, Southwark",,Enterprise,Tate Modern
LDN_37,LDN,20,51.5145320164,-0.1265173591,,LOW,0,0,0,0,0,5,5,1,0,1,395,51,0,0,0,0,1,51.5381223,-0.0597486,5.817,,0,1,5.3119,ZONE,"Zone de Shoreditch ou Brick Lane, East London E1/E2",Shoreditch ou East London,,,
LDN_07,LDN,10,51.5150878061,-0.132889169,,HIGH,2,0,0,0,0,7,9,1,1,1,459,39,0,0,0,0,1,51.5150563,-0.1330701,0.926,2.449,1,1,0.013,EXCELLENT,"Carlisle Street W1, Westminster, London",Westminster,CARLISLE STREET W1|CITY OF WESTMINSTER,,
LDN_141,LDN,30,51.5176075219,-0.0967642018,,MEDIUM,0,3,0,0,0,5,8,1,0,1,513,43,1,1,1,0,1,51.5178026,-0.0963747,2.463,,0,1,0.0346,EXCELLENT,"Museum of London, 150 London Wall, EC2Y 5HN",Museum of London or similar heritage venue,,Victis|KLONDYKE Cigarettes|SUNLIGHT SOAP,
LDN_103,LDN,10,51.516257649,-0.1245481162,,HIGH,1,0,1,0,0,4,6,1,0,1,450,33,0,1,1,1,1,51.5392533,-0.142757,3.69,0.0,1,1,2.8504,APPROX,"Museum Street, Camden, London WC1",Camden,MUSEUM STREET,,Museum Street (Camden)
LDN_185,LDN,30,51.5066147,-0.1278939,,HIGH,2,1,1,0,0,5,9,1,1,1,367,53,0,0,0,0,1,51.4957087,-0.1161696,1.529,0.0,1,1,1.4592,APPROX,"Uganda House, Spring Gardens, Westminster, London SW1",Westminster,SPRING GARDENS SW1|CITY OF WESTMINSTER,UGANDA,Uganda House
LDN_56,LDN,20,51.5209274318,-0.0730675805,,MEDIUM,0,2,1,0,0,5,8,1,0,1,465,32,0,0,0,0,1,51.5249032,-0.0817203,3.736,0.0,1,1,0.7442,OK,"Dray Walk, Shoreditch, London E1",Shoreditch,,Skullcandy|Backyard,Skullcandy's Immersive
HK_05,HK,10,22.3011836678,114.1749750402,,LOW,0,0,0,0,0,8,8,1,0,1,538,68,0,0,0,0,1,22.2799826,114.1737117,4.394,2.813,1,1,2.361,APPROX,"Escalier de rue dans le quartier de Sheung Wan ou Central, Hong Kong",Central/Sheung Wan,,,
HK_76,HK,30,22.2829343106,114.1554377297,,MEDIUM,0,0,2,0,0,6,8,1,0,1,494,57,0,0,0,0,1,22.2833867,114.1559486,4.226,1.866,1,1,0.0728,EXCELLENT,"Pottinger Street (Stone Slabs Street), Central, Hong Kong",Central,,,Escalier public avec arbre central|Pottinger Street steps area
HK_122,HK,30,22.2835531928,114.1531346181,,HIGH,0,1,0,0,0,4,5,1,0,1,487,37,0,0,0,0,1,22.3304171,114.1590946,1.628,0.0,1,1,5.247,ZONE,"Pak Tsz Lane, Sham Shui Po, Hong Kong",Sham Shui Po,,百子里,
HK_127,HK,30,22.2695591127,114.1240061725,,MEDIUM,0,2,1,0,0,7,10,1,0,1,502,42,0,0,0,0,1,22.3329572,114.1653773,1.574,0.372,1,1,8.2347,ZONE,"Shek Kip Mei Estate, Shek Kip Mei, Kowloon",Shek Kip Mei,,Rehabilitation Centre|Rotary Rehabilitation Centre for Children,Rehabilitation Centre (復康院)
HK_18,HK,10,22.2804757052,114.1855300593,,MEDIUM,0,3,1,0,0,5,9,1,0,1,430,67,0,0,0,0,1,22.281274,114.192183,4.834,0.0,1,1,0.6903,OK,"Causeway Bay, near Paterson Street and Percival Street intersection",Causeway Bay,,H&M|BEOTERO|Priceline,Sino Crown
HK_28,HK,20,22.2429822875,114.2221252463,,LOW,0,0,0,0,0,6,6,1,0,1,479,81,0,0,0,0,0,,,,,0,1,,NO_GEO,"Escalier public dans le secteur Mid-Levels Ouest, entre Bonham Road et Caine Road",Mid-Levels ou Pok Fu Lam,,,
TK_74,TK,10,35.6465674395,139.7067247853,,LOW,0,0,0,0,0,5,5,1,0,1,367,52,0,0,0,0,0,,,,,0,1,,NO_GEO,"Ruelle secondaire dans le quartier de Shibuya, Tokyo",Shibuya ou Shinjuku,,,
TK_121,TK,30,35.6593900839,139.6953611035,,MEDIUM,0,1,0,0,0,7,8,1,0,1,416,77,0,1,1,1,0,,,,,0,1,,NO_GEO,"Quartier de Shibuya, zone des love hotels ou quartier de Kabukichō (Shinjuku)",Shibuya ou Shinjuku,,HOTEL,
TK_41,TK,10,35.6695468872,139.6959532249,,LOW,0,0,0,0,0,6,6,1,0,1,545,61,0,0,0,0,0,,,,,0,1,,NO_GEO,Localisation impossible à déterminer avec les images fournies,Impossible à déterminer,,,
TK_55,TK,10,35.6408112,139.7025174,vision,LOW,0,0,0,0,0,5,5,1,0,1,467,56,0,0,0,0,1,35.6599898,139.7246074,6.95,,0,1,2.9209,APPROX,"Quartier résidentiel de Shibuya-ku ou Shinjuku-ku, Tokyo",Shibuya ou Shinjuku,,,
TK_118,TK,30,35.6696518172,139.7082384955,,MEDIUM,0,0,1,0,0,7,8,1,0,1,479,55,0,0,0,0,1,35.7746697,139.7654543,15.098,,0,1,12.7688,FAR,"Quartier de Cat Street entre Shibuya et Harajuku, Tokyo",Shibuya ou Harajuku,,,Hello Kitty Space Invader
TK_120,TK,30,35.6491650882,139.7010977142,,LOW,0,1,0,0,0,7,8,1,0,1,420,87,0,0,0,0,0,,,,,0,1,,NO_GEO,"Quartier de Shibuya, Tokyo, zone résidentielle/commerciale près d'un konbini FamilyMart",Shibuya ou Minato,,FamilyMart,
MARS_77,MARS,50,43.2973863421,5.3812606718,,MEDIUM,0,2,0,0,0,4,6,1,0,1,530,51,0,0,0,0,1,43.2957912,5.3671336,0.23,,0,1,1.157,APPROX,"Quai du Port ou Quai de Rive Neuve, 13001 Marseille",1er arrondissement (Vieux-Port/Centre-ville),,BRASSERIE|Cer...Méd...,
MARS_47,MARS,20,43.2986831423,5.3664896236,,HIGH,0,2,1,0,0,4,7,1,0,1,430,30,0,0,0,1,1,43.2993374,5.3682229,0.34,0.043,1,1,0.158,GOOD,"Rue du Panier, 13002 Marseille",Le Panier,,UNDARTGROUND|Concept Store,Le Panier
MARS_12,MARS,50,43.2973105623,5.3656088824,,HIGH,1,0,0,0,0,3,4,1,1,1,360,31,0,0,0,0,1,43.3039879,5.3759723,0.971,2.215,1,1,1.1201,APPROX,"Rue de Turenne, 13007 Marseille",7ème arrondissement,RUE DE TURENNE,,
MARS_05,MARS,10,43.2941033408,5.383425876,,MEDIUM,0,2,0,0,0,5,7,1,1,1,385,29,0,0,0,0,1,43.295083,5.3828064,1.064,0.09,1,1,0.1199,GOOD,"Cours Julien, 13006 Marseille",Cours Julien,,Le Surcouf|Brasserie Snack Le Surcouf,
MARS_86,MARS,40,43.3037588942,5.418690293,,LOW,0,0,0,0,0,5,5,1,0,1,431,47,0,0,0,0,1,43.2993374,5.3682229,0.34,,0,1,4.1134,ZONE,"Quartier du Panier, Marseille 2e arrondissement",Le Panier ou Vieux-Port,,,
MIA_69,MIA,50,25.8022548487,-80.2051089206,,MEDIUM,0,0,0,0,0,6,6,1,0,1,478,33,0,0,0,0,1,25.7901032,-80.1987696,3.234,1.258,1,1,1.4928,APPROX,"NW 2nd Avenue, Wynwood, Miami, FL",Wynwood,,,
MIA_46,MIA,50,25.7791584728,-80.1321524486,,MEDIUM,0,0,0,0,0,6,6,1,0,1,584,52,0,0,0,0,1,25.800645,-80.19908,4.391,0.085,1,1,7.1139,ZONE,"Wynwood Arts District, NW 2nd Avenue area, Miami, FL",Wynwood,,,
MIA_63,MIA,50,25.7898051037,-80.1815603161,,HIGH,0,0,1,0,0,6,7,1,0,1,529,40,0,0,0,0,1,25.7912049,-80.1530767,5.079,1.008,1,1,2.856,APPROX,"Venetian Causeway, Miami Beach, FL 33139",Venetian Islands,,,Venetian Causeway Bridge Tower
MIA_14,MIA,10,25.7811398864,-80.1304338221,,LOW,0,0,0,0,0,6,6,1,0,1,560,41,0,0,0,0,1,25.7678909,-80.1333225,5.896,2.866,1,1,1.5013,APPROX,"Ocean Drive, South Beach, Miami Beach, FL",South Beach,,,
ROM_56,ROM,50,41.8898258198,12.5238015985,,MEDIUM,0,1,0,0,0,6,7,1,0,1,604,66,0,0,0,0,1,41.9109529,12.5012731,0.992,0.0,1,1,2.9992,APPROX,"Via dei Sabelli angle Via degli Ausoni, quartier San Lorenzo, Rome",San Lorenzo,,ALIMENTARI,
ROM_59,ROM,30,41.8957267276,12.4766495423,,MEDIUM,0,2,0,0,0,5,7,1,0,1,505,48,0,0,0,0,1,41.8959948,12.4768388,1.787,27.836,1,1,0.0337,EXCELLENT,"Largo di Torre Argentina ou Piazza Venezia, Rome",Centro Storico,,La Feltrinelli|UniCredit,
ROM_21,ROM,20,41.8912117739,12.4704982421,,MEDIUM,0,0,0,0,0,4,4,1,0,1,413,45,0,0,0,0,1,41.8934387,12.4683329,2.546,0.457,1,1,0.3057,GOOD,"Lungotevere della Farnesina, Trastevere, Rome",Trastevere,,,
ROM_60,ROM,20,41.8896376566,12.4710989829,,LOW,0,0,0,0,0,6,6,1,0,1,483,80,0,0,0,0,1,42.0933831,12.2696656,28.287,0.0,1,1,28.1142,FAR,"Ruelle du Centro Storico, probablement entre Trastevere et le quartier du Ghetto",Centro Storico,,,
BAB_09,BAB,40,43.503717,-1.538684,,MEDIUM,0,0,0,0,0,5,5,1,1,1,459,34,0,0,0,0,0,,,,,0,1,,NO_GEO,"Promenade des plages, 64600 Anglet",Anglet plages,,,
BAB_17,BAB,20,43.490765,-1.477149,,MEDIUM,0,0,1,0,0,5,6,1,1,1,478,34,0,0,0,0,0,,,,,0,1,,NO_GEO,"Rue des Gouverneurs, 64100 Bayonne",Centre historique de Bayonne,,,Cathédrale Sainte-Marie de Bayonne
BAB_31,BAB,30,43.4897846,-1.4745179,,MEDIUM,0,0,2,0,0,5,7,1,1,1,504,48,0,0,0,0,0,,,,,0,1,,NO_GEO,"Quai de la Nive ou Quai Galuperie, Bayonne 64100",Centre-ville de Bayonne,,,Pont sur l'Adour|Colonne ornementale avec chapiteau
DJBA_07,DJBA,30,33.8767397495,10.8580612424,,MEDIUM,0,1,0,0,0,4,5,1,0,1,569,36,0,0,0,1,1,33.7735976,10.8861888,5.358,0.0,1,1,11.7595,FAR,"Rue Taieb M'hiri, Houmt Souk, Djerba",Houmt Souk,,Restaurant Zina,
DJBA_52,DJBA,40,33.8636568622,10.7965416414,,LOW,0,0,0,0,0,4,4,1,0,1,516,18,0,0,0,0,1,33.7735976,10.8861888,5.358,0.0,1,1,12.995,FAR,"Houmt Souk, Djerba",Houmt Souk,,,
GRN_53,GRN,10,45.1944319851,5.72295012,,HIGH,0,0,1,0,0,4,5,1,1,1,467,61,0,0,0,0,0,,,,,0,1,,NO_GEO,"Cité Universitaire du Rabot, Montée Chalemont, 38000 Grenoble",Saint-Laurent - Rabot,,,Cité Universitaire du Rabot
GRN_06,GRN,10,45.1866765127,5.7264140475,,LOW,0,1,0,0,0,4,5,1,0,1,487,57,0,0,0,0,1,45.0289871,5.8566647,20.547,20.155,1,1,20.2962,FAR,"Centre-ville de Grenoble, zone piétonne ou place publique",Centre-ville,,GAME OVER,
WN_52,WN,10,48.2060679783,16.3679461183,,LOW,0,0,0,0,0,4,4,1,0,1,461,104,0,0,0,0,1,48.2090229,16.3698511,0.307,,0,1,0.3576,GOOD,"Innere Stadt, centre historique de Vienne, probablement dans une rue adjacente à Stephansplatz ou Graben",1er arrondissement (Innere Stadt),,,
WN_20,WN,20,48.2176999811,16.3650027315,,MEDIUM,0,1,0,0,0,5,6,1,0,1,449,111,1,0,0,0,0,,,,,0,1,,NO_GEO,"Rue piétonne ou semi-piétonne dans le centre historique de Vienne, probablement dans les arrondissements 1 ou 2",Innere Stadt ou Leopoldstadt,,TABAK,
POTI_05,POTI,100,-19.6066877978,-65.7429608745,,MEDIUM,1,0,1,0,0,6,8,1,0,1,506,47,0,0,0,0,1,-19.590743,-65.7736499,2.295,0.0,1,1,3.6713,ZONE,"Cantumarca, route d'accès au Cerro Rico, Potosí",Cantumarca,COOPERACION MINERA DEL BOLIVIA,,Cerro Rico de Potosí
POTI_21,POTI,30,-19.572862249,-65.74878276,,MEDIUM,0,2,0,1,0,5,8,1,0,1,484,40,0,0,0,0,0,,,,,0,1,,NO_GEO,"Calle Ayacucho, Centro histórico, Potosí",Centro histórico,,FOTOCOPIÁ|Aquí Tigo,
POTI_14,POTI,50,-19.5891446512,-65.7585086606,,LOW,0,0,0,0,0,5,5,1,0,1,414,73,0,0,0,0,0,,,,,0,1,,NO_GEO,"Quartier résidentiel périphérique en hauteur, flanc nord ou est de Potosí",Zone périphérique/quartier résidentiel en hauteur,,,
SP_25,SP,30,-23.5224907329,-46.6867558034,,LOW,0,0,2,0,0,5,7,1,0,1,451,84,0,0,0,0,0,,,,,0,1,,NO_GEO,"région de la Luz ou Centro, São Paulo, près d'anciennes infrastructures de transport",zona central ou região da Luz,,,passerelle piétonne en béton|infrastructure de transport surélevée
SP_36,SP,50,-23.5553090717,-46.6555149475,,LOW,0,0,0,0,0,7,7,1,0,1,553,69,0,0,0,0,0,,,,,0,1,,NO_GEO,"Rua Augusta ou Rua da Consolação, région Centro/Bela Vista, São Paulo",Centro ou Bela Vista,,,
SP_32,SP,10,-23.5618957704,-46.6557015898,,LOW,0,0,0,0,0,4,4,1,0,1,478,41,0,0,0,0,1,-23.5601219,-46.6500338,2.013,,0,1,0.6104,OK,"Région du Centro ou Bela Vista, São Paulo",Centro ou Bela Vista,,,
BGK_51,BGK,50,13.7215574551,100.5527532407,,LOW,0,0,2,0,0,4,6,1,0,1,448,61,0,0,0,0,0,,,,,0,1,,NO_GEO,sous viaduc autoroutier dans une zone périphérique de Bangkok,zone périphérique ou industrielle près d'une autoroute surélevée,,,viaduc autoroutier surélevé|pilier de pont
BGK_31,BGK,10,13.759451845,100.498317824,,LOW,0,1,0,0,0,5,6,1,0,1,472,39,0,0,0,0,0,,,,,0,1,,NO_GEO,"Khao San Road area, Banglamphu, Bangkok",Khao San / Banglamphu,,ขุขลิกา,
BGK_24,BGK,30,13.7244494754,100.5162983827,,LOW,0,0,0,0,0,4,4,1,0,1,516,45,0,0,0,0,1,13.7475515,100.4976326,1.072,,0,1,3.2656,ZONE,"Old Town district, Rattanakosin area, Bangkok",Rattanakosin/Old Bangkok,,,
LY_22,LY,10,45.7684925832,4.8343844837,,HIGH,1,1,0,0,0,4,6,1,0,1,401,35,0,0,0,0,1,45.7685251,4.8340669,0.519,0.383,1,1,0.0249,EXCELLENT,"Impasse Saint-Polycarpe, 69001 Lyon",1er arrondissement,IMPASSE St POLYCARPE,les POUMONS TUNQUEURS,
LY_02,LY,10,45.766638411,4.832292193,,MEDIUM,0,1,0,0,0,5,6,1,0,1,384,26,0,0,0,0,1,45.7613572,4.8271413,0.726,0.128,1,1,0.7103,OK,"Rue Saint-Jean, 69005 Lyon",Vieux Lyon,,...IONS,
CLR_02,CLR,10,45.7756263773,3.0824668266,,HIGH,0,0,1,0,0,6,7,1,1,1,381,38,0,0,0,0,1,45.7764128,3.0821365,0.387,,0,1,0.0911,EXCELLENT,"Place de Jaude, 63000 Clermont-Ferrand",Centre-ville / Place de Jaude,,,Statue de Vercingétorix
CLR_24,CLR,30,45.7786221876,3.0841677538,,HIGH,0,1,1,0,0,5,7,1,1,1,406,36,0,0,0,0,1,45.7787414,3.0838125,0.301,,0,1,0.0306,EXCELLENT,"Rue des Gras, 63000 Clermont-Ferrand",Centre-ville historique,,ROCK N FRIZ,Cathédrale Notre-Dame-de-l'Assomption
MAN_02,MAN,20,53.4841755733,-2.2354763481,,HIGH,1,0,0,0,0,3,4,1,0,1,406,40,0,0,0,0,1,53.483745,-2.2360317,0.544,0.065,1,1,0.0604,EXCELLENT,"Oak Street, Northern Quarter, Manchester",Northern Quarter,OAK STREET,,
MAN_36,MAN,30,53.4861531826,-2.2418118828,,MEDIUM,0,1,0,0,1,4,6,1,0,1,548,28,0,1,1,0,1,53.4835436,-2.235114,0.582,0.0,1,1,0.5297,OK,"Market Street, Manchester M1",Northern Quarter,,Mamuciim,
FTBL_25,FTBL,30,48.3170891472,2.6474165121,,LOW,0,0,0,0,0,3,3,1,1,1,537,36,0,0,0,0,1,48.4387275,2.7431896,5.163,,0,1,15.2635,FAR,"Centre-ville de Fontainebleau, 77300",Centre-ville de Fontainebleau,,,
FTBL_05,FTBL,30,48.4463755252,2.6016891705,,HIGH,1,0,3,0,0,4,8,1,0,1,431,26,0,1,1,2,1,48.4444794,2.6078845,8.486,3.663,1,1,0.5033,OK,"Grande Rue, 77630 Barbizon",Barbizon,GRANDE RUE,,Musées Ganne & J.F. Millet|Office Culturel|Barbizon
BXL_40,BXL,30,50.8450508211,4.3486431515,,MEDIUM,1,2,0,0,0,5,8,1,1,1,482,27,1,0,0,0,1,50.8500696,4.3678117,1.131,,0,1,1.4569,APPROX,"Rue du Nord, 1000 Bruxelles",Quartier Européen/Ixelles,RUE ...ORD,Alimentation Generale 1870|Aux Origines,
BXL_42,BXL,30,50.8510465742,4.3382028957,,MEDIUM,0,1,1,0,0,5,7,1,0,1,446,61,1,1,1,1,1,50.8467391,4.3546302,0.446,,0,1,1.2488,APPROX,"Rue de la Montagne, 1000 Bruxelles (zone musées centre-ville)",Centre historique de Bruxelles,,MUSEUM,Museum (bâtiment muséal avec architecture moderne et brique ancienne)
LJU_14,LJU,30,46.0490062219,14.5050096366,,MEDIUM,0,1,0,0,0,4,5,1,0,1,421,27,0,1,1,0,1,46.0521592,14.5079751,0.553,,0,1,0.4187,GOOD,"Trubarjeva cesta, Ljubljana",Centre-ville de Ljubljana,,KNJIŽNICA,
LJU_31,LJU,30,46.0502935291,14.5098375161,,MEDIUM,0,1,0,0,0,4,5,1,0,1,469,79,0,0,0,0,0,,,,,0,1,,NO_GEO,"Rue principale du centre historique de Ljubljana, proximité de la vieille ville",Centre-ville historique,,MARY DORO,
VRS_37,VRS,40,48.7984089788,2.1254663718,,HIGH,0,1,0,1,0,5,7,1,0,1,333,38,1,0,0,2,1,48.8224099,2.1432111,2.526,,0,1,2.9683,APPROX,"3 rue de l'Espérance, 78000 Versailles",Centre-ville de Versailles,,BAR HOTEL DE L'ESPERANCE,
VRS_42,VRS,40,48.8189020964,2.1499018833,,MEDIUM,1,0,1,0,0,4,6,1,1,1,363,33,0,0,0,0,1,48.8026723,2.1285945,0.179,,0,1,2.3856,APPROX,"Avenue de Paris, 78000 Versailles",Centre-ville de Versailles,VERSAILLES,,Pavillon de Versailles
AVI_01,AVI,10,43.9501976233,4.8086551866,,HIGH,2,0,2,0,0,5,9,1,1,1,454,26,0,0,0,1,1,43.9479482,4.806693,0.178,,0,1,0.2954,GOOD,"Rue Galante, 84000 Avignon",Centre historique intra-muros,Vers Porte Saint Joseph|Archives Municipales Ancien Hôtel de Piolé,,Archives Municipales Ancien Hôtel de Piolé|Université du Temps Libre
AVI_29,AVI,50,43.9479687033,4.8074682055,,HIGH,1,0,1,1,0,4,7,1,0,1,448,39,1,0,0,0,1,43.947972,4.807273,0.205,0.445,1,1,0.0156,EXCELLENT,"7 Place de la Principale, 84000 Avignon",Centre historique,PLACE DE LA PRINCIPALE,,Place de la Principale
MPL_05,MPL,20,43.6122978015,3.8791216476,,MEDIUM,0,3,0,1,0,4,8,1,0,1,563,42,1,0,0,1,1,43.610818,3.8780501,0.109,0.377,1,1,0.1858,GOOD,"21 rue de l'Aiguillerie, 34000 Montpellier",Centre historique,,STREET SHOP|DJENOVA|PARADIS,
MPL_32,MPL,20,43.6106073396,3.8752159053,,HIGH,1,0,0,0,0,6,7,1,0,1,378,28,0,0,0,0,1,43.6102106,3.8751107,0.144,,0,1,0.0449,EXCELLENT,"Rue Bayle, 34000 Montpellier",Centre historique - Écusson,RUE BAYLE,,
BBO_26,BBO,50,43.2679855066,-2.9333402681,,HIGH,0,0,1,0,0,5,6,1,1,1,380,36,0,1,1,0,1,43.2684506,-2.9359182,0.611,1.104,1,1,0.215,GOOD,"Abandoibarra Etorbidea, 48009 Bilbao",Abando,,,Museo Guggenheim Bilbao
BBO_23,BBO,50,43.2679667309,-2.9334709121,,HIGH,0,0,1,0,0,5,6,1,1,1,497,39,1,1,1,1,1,43.2685734,-2.9342867,0.622,1.038,1,1,0.0944,EXCELLENT,"Abandoibarra Etorbidea, 2, 48009 Bilbao",Abando,,,Guggenheim Museum Bilbao
CAZ_14,CAZ,20,43.695587295,7.2734971638,,MEDIUM,0,0,1,0,0,5,6,1,1,1,467,28,0,1,1,0,1,43.2142732,5.5395954,0.147,,0,1,149.8375,FAR,"Place Baragnon, 13260 Cassis",Centre historique/port de Cassis,,,Arcade à colonnes avec voûtes en berceau
CAZ_16,CAZ,20,43.7376734488,7.4221604661,,HIGH,1,1,1,0,1,5,9,1,1,1,432,31,0,0,0,0,1,43.2341516,5.5523736,2.523,,0,1,160.8991,FAR,"Avenue de la Gare, 13260 Cassis",Centre-ville de Cassis,Gare S.N.C.F,ESCALIER DE LA COSTA,Gare S.N.C.F de Cassis
RA_34,RA,50,44.4195718097,12.2074433743,,MEDIUM,0,1,0,0,0,4,5,1,1,1,422,30,0,0,0,1,1,44.4186024,12.2046984,0.098,,0,1,0.2432,GOOD,"Viale Farini, 48121 Ravenna RA",Centro Storico,,Hotel Minerva,
RA_30,RA,30,44.4140254372,12.2055662247,,HIGH,0,0,1,0,0,5,6,1,1,1,408,29,0,0,0,0,1,44.4385504,12.169945,3.481,,0,1,3.9292,ZONE,"Via San Vitale, 48121 Ravenna",Centro Storico,,,Basilica di San Vitale
BTA_05,BTA,10,42.6965653108,9.4495664043,,MEDIUM,0,1,0,0,0,6,7,1,1,1,505,66,0,0,0,0,1,42.7029009,9.4512857,0.623,,0,1,0.7184,OK,"Rue du Chanoine Colombani ou rues adjacentes au Vieux-Port, Bastia",Centre-ville/Vieux-Port,,TABACS,
GNV_04,GNV,10,46.201205965,6.1393094177,,MEDIUM,0,2,0,0,0,5,7,1,0,1,446,20,0,0,0,0,1,46.209166,6.1450706,0.549,0.479,1,1,0.9899,OK,"Rue de Berne, Genève",Pâquis,,vins|LOUNGE,
BRN_23,BRN,10,46.948323189,7.4541259366,,LOW,0,0,0,0,0,3,3,1,0,1,452,14,0,0,0,0,1,46.9497013,7.4455316,0.236,0.0,1,1,0.6701,OK,"Altstadt, Bern",Altstadt,,,
MLGA_13,MLGA,20,36.7176858953,-4.4174297951,,HIGH,0,0,1,0,0,5,6,1,1,1,480,42,0,0,0,0,1,36.7186207,-4.4121635,0.876,24.456,1,1,0.4808,GOOD,"Muelle Uno, Puerto de Málaga, 29001 Málaga",Puerto de Málaga,,,Muelle Uno
BRC_01,BRC,20,41.3826818675,2.1676615436,,HIGH,0,1,1,0,0,5,7,1,1,1,397,50,0,1,1,0,1,41.3795176,2.1683678,0.749,0.0,1,1,0.3568,GOOD,"Carrer dels Àngels, près du MACBA, 08001 Barcelona",El Raval,,CONVENT DELS ÀNGELS,Convent dels Àngels
BRC_09,BRC,10,41.384700075,2.1815130806,,MEDIUM,0,0,0,0,0,5,5,1,0,1,609,38,0,1,1,0,1,41.3854992,2.1802756,0.575,,0,1,0.1362,GOOD,"Carrer de Montcada, El Born, Barcelona",El Born / Barri Gòtic,,,
AMI_04,AMI,30,49.8978217,2.3018282,,MEDIUM,0,0,0,1,0,8,9,1,0,1,460,48,1,0,0,0,0,,,,,0,1,,NO_GEO,"1 rue piétonne, Quartier Saint-Leu, 80000 Amiens",Quartier Saint-Leu,,,
AMI_09,AMI,20,49.8920913,2.3003694,,MEDIUM,1,1,0,0,0,4,6,1,0,1,341,28,0,0,0,0,1,49.8901004,2.3003831,0.553,,0,1,0.2214,GOOD,"Rue Émile Zola, 80000 Amiens",Centre-ville,RUE EMILE ZOLA,BRÉAL,
LSN_07,LSN,0,46.5201375179,6.6306233822,,MEDIUM,0,0,2,0,0,5,7,1,1,1,499,49,1,0,0,0,1,46.5211925,6.6280025,0.368,0.187,1,1,0.2323,GOOD,"Voie du Chariot, 1003 Lausanne (quartier du Flon)",Flon,,,Escaliers du Flon|Passerelle couverte
LSN_15,LSN,10,46.5225246932,6.6343909411,,MEDIUM,0,0,0,0,0,6,6,1,1,1,516,53,1,0,0,0,1,46.523581,6.6352987,0.489,,0,1,0.1365,GOOD,"Rue de la Madeleine ou Rue Cité-Devant, 1003 Lausanne",Vieille Ville / Centre historique,,,
FKF_09,FKF,30,49.8709660142,8.6233556159,,LOW,0,0,1,0,0,6,7,1,0,1,427,78,0,0,0,0,0,,,,,0,1,,NO_GEO,"Ostend, quartier moderne près du centre ou zone de développement urbain récent",Ostend (quartier moderne/zone commerciale ou institutionnelle),,,Bâtiment moderne avec architecture distinctive à façade jaune et grise
FKF_03,FKF,50,49.8717868269,8.6221561633,,LOW,0,0,0,0,0,4,4,1,0,1,395,55,0,0,0,0,1,50.1089604,8.6665875,1.127,0.0,1,1,26.5631,FAR,"Quartier de la gare centrale, Frankfurt Bahnhofsviertel",Bahnhofsviertel,,,
SL_14,SL,30,37.5631183941,126.9913813798,pnote,MEDIUM,0,2,0,0,0,4,6,1,0,1,397,35,0,0,0,0,1,37.55792,126.926135,4.67,0.843,1,1,5.7801,ZONE,"Quartier de Hongdae, Mapo-gu, Seoul",Hongdae,,도깨비|Theme[영],
SL_10,SL,20,37.57378057,126.98540943,pnote,MEDIUM,0,1,0,0,0,5,6,1,0,1,506,35,0,1,1,0,1,37.5638254,126.9799359,0.343,,0,1,1.2075,APPROX,"Myeongdong shopping district, Seoul",Gangnam ou Myeongdong (zone commerciale centrale),,natural,
VRN_09,VRN,10,25.3078361334,83.0099741284,,MEDIUM,0,1,0,1,0,7,9,1,0,1,526,62,0,1,1,1,1,25.3092414,83.0068406,2.766,,0,1,0.3516,GOOD,"Godowlia area, near Vishwanath Temple, Varanasi, Uttar Pradesh",Godowlia/Vishwanath Gali area,,SHREE Cafe,
VRN_10,VRN,30,25.3118179676,83.0133390139,,LOW,0,0,0,0,0,4,4,1,0,1,548,29,0,0,0,0,0,,,,,0,1,,NO_GEO,"Ghat area, Old City, Varanasi",Old City/Ghat area,,,
BRL_03,BRL,20,52.5206081984,13.4115812072,,HIGH,0,0,2,0,1,3,6,1,1,1,351,28,0,0,0,0,1,52.5239187,13.4127783,0.683,2.202,1,1,0.3769,GOOD,"Alexanderplatz, 10178 Berlin",Mitte,,,Alexanderplatz Bahnhof|Fernsehturm
BRL_08,BRL,20,52.5106807,13.419484,vision,MEDIUM,0,1,0,0,0,6,7,1,0,1,602,36,0,0,0,0,1,52.5110292,13.3977228,1.112,0.95,1,1,1.4732,APPROX,"Leipziger Straße, 10117 Berlin-Mitte",Mitte,,TRESOR,
ORLN_09,ORLN,50,47.89889,1.92081,,LOW,0,0,1,0,0,4,5,1,0,1,487,78,0,0,0,0,0,,,,,0,1,,NO_GEO,"Sous le pont de la rocade ou ligne ferroviaire, secteur sud ou ouest d'Orléans",Zone périphérique d'Orléans,,,Pont autoroutier ou ferroviaire
ORLN_05,ORLN,20,47.89996,1.9063,,MEDIUM,1,0,0,0,0,4,5,1,0,1,425,57,0,0,0,0,1,47.9024551,1.9034651,0.059,,0,1,0.3488,GOOD,"Place du Martroi ou rue adjacente, Centre-ville d'Orléans",Centre-ville historique,Pla...,,
MTB_02,MTB,10,44.018748044,1.3511829343,,MEDIUM,0,0,2,0,0,5,7,1,1,1,406,67,0,0,0,0,0,,,,,0,1,,NO_GEO,"Promenade des remparts, près du Jardin des Plantes, 82000 Montauban",Centre historique - Quartier des remparts,,,Tour fortifiée en briques|Remparts historiques de Montauban
MTB_03,MTB,10,44.0195376991,1.3503840732,,MEDIUM,0,0,1,0,0,5,6,1,1,1,449,61,0,0,0,0,1,44.0169425,1.3485408,0.333,5.572,1,1,0.324,GOOD,"Pont Vieux ou Pont des Consuls, Centre-ville, 82000 Montauban",Centre-ville de Montauban,,,Pont avec architecture en brique caractéristique
REUN_08,REUN,30,-20.8861442628,55.4333653727,,LOW,0,0,0,0,0,6,6,1,0,1,403,77,0,0,0,0,1,-20.88512,55.4503282,27.089,0.0,1,1,1.7659,APPROX,"Route en zone urbaine de Saint-Denis, probablement dans les hauts de la ville",Saint-Denis,,,
REUN_09,REUN,30,-21.1387814069,55.2948917197,pnote,LOW,0,0,0,0,0,7,7,1,0,1,425,71,0,0,0,0,0,,,,,0,1,,NO_GEO,"Zone côtière entre Saint-Paul et Saint-Leu, versant ouest de La Réunion",Zone côtière ouest de La Réunion,,,
TLS_08,TLS,30,43.6017574882,1.4394262709,,MEDIUM,0,1,0,0,0,6,7,1,0,1,498,35,0,0,0,1,1,43.5982179,1.4317025,1.238,,0,1,0.736,OK,"Place Saint-Cyprien, 31300 Toulouse",Centre-ville/Quartier Saint-Cyprien,,Café des Artistes,
TLS_06,TLS,20,43.6056649327,1.4442272748,,HIGH,2,4,0,0,0,3,9,1,0,1,373,57,0,0,0,1,1,43.6057366,1.4449651,0.131,,0,1,0.0599,EXCELLENT,"Angle rue Kennedy et rue adjacente, Toulouse centre-ville",Centre-ville,RUE KENNEDY|GENERAL KENNEDY,quets|L'ÉCURIE|HOTEL ALBERT 1er|MAISON DE LA CROIX,
AIX_01,AIX,10,43.5285840236,5.4431859342,,MEDIUM,0,0,0,0,0,9,9,1,1,1,547,67,0,0,0,0,0,,,,,0,1,,NO_GEO,"Rue des Tanneurs ou Rue du Cancel, Vieil Aix, 13100 Aix-en-Provence",Vieil Aix / Centre historique,,,
AIX_03,AIX,10,43.5273653439,5.4516721246,,MEDIUM,0,2,0,0,0,5,7,1,0,1,424,41,0,0,0,0,1,43.529632,5.4474058,0.008,,0,1,0.4264,GOOD,"Rue des Cordeliers, 13100 Aix-en-Provence",Centre-ville historique,,Lavarenne|MF,
BT_11,BT,40,27.4739354,89.6387223,vision,MEDIUM,0,1,1,0,0,5,7,1,0,1,521,27,0,0,0,0,1,27.4787567,89.6352835,0.851,0.838,1,1,0.6344,OK,"Norzin Lam, Thimphu, Bhutan",Thimphu,,Bhutan Post,Dzong visible sur la colline
BT_08,BT,40,27.4307674,89.412987,vision_district,MEDIUM,0,2,0,0,0,5,7,1,0,1,439,42,0,1,2,2,1,27.4713546,89.6336729,0.028,0.0,1,1,22.2389,FAR,"Zangling Restaurant & Bar, Thimphu, Bhutan",Thimphu,,ZANGLING RESTAURANT & BAR|C.M,
CAPF_04,CAPF,20,44.6223785756,-1.2472764881,,MEDIUM,0,0,0,0,0,6,6,1,1,1,524,40,0,0,0,0,1,44.6559962,-1.24545,2.265,1.3,1,1,3.7409,ZONE,"Avenue de l'Océan, 33950 Lège-Cap-Ferret",Cap Ferret centre,,,
CAPF_02,CAPF,20,44.655072976,-1.2540681393,,MEDIUM,0,0,0,0,0,7,7,1,1,1,381,61,0,0,0,0,1,44.6464231,-1.2548899,1.314,0.0,1,1,0.964,OK,"Rue principale du centre de Cap Ferret, 33950 Lège-Cap-Ferret",Cap Ferret centre,,,
MBSA_06,MBSA,10,-4.058748,39.6761668,vision_district,MEDIUM,0,2,0,0,0,3,5,1,0,1,402,31,0,0,0,0,1,-4.0635331,39.6777813,2.468,0.561,1,1,0.5614,OK,"Nkrumah Road, Old Town, Mombasa",Old Town,,MOMBASA RUBBER STAMP SERV.|JIH,
